session_id;member_id;pc_id;game_title;start_time;duration_hours;status;client_rating
1001;26;9;Valorant;2026-03-12 14:30:00;2.0;completed;4.0
1002;27;9;GTA V;2026-03-20 16:45:00;3.0;completed;4.0
1003;68;6;Cyberpunk 2077;2026-02-20 12:15:00;2.0;completed;4.0
1004;26;4;Apex Legends;2026-02-28 15:30:00;5.0;completed;5.0
1005;36;13;GTA V;2026-03-05 17:15:00;2.0;completed;4.0
1006;6;23;Apex Legends;2026-02-10 13:15:00;2.0;completed;5.0
1007;65;8;Counter-Strike 2;2026-03-03 13:00:00;2.0;completed;2.0
1008;63;19;Valorant;2026-03-17 12:00:00;2.0;completed;4.0
1009;3;17;Apex Legends;2026-03-11 19:45:00;2.0;completed;4.0
1010;43;5;GTA V;2026-02-21 18:15:00;4.0;completed;5.0
1011;70;25;Counter-Strike 2;2026-03-08 15:15:00;3.0;completed;
1012;62;20;Apex Legends;2026-02-11 10:45:00;1.0;completed;5.0
1013;42;7;GTA V;2026-02-28 22:45:00;3.0;completed;4.0
1014;62;14;Cyberpunk 2077;2026-03-20 21:00:00;1.0;completed;4.0
1015;74;8;Valorant;2026-03-15 14:00:00;2.0;completed;4.0
1016;41;1;Cyberpunk 2077;2026-03-11 20:30:00;3.0;completed;1.0
1017;34;23;Apex Legends;2026-02-28 21:15:00;3.0;completed;4.0
1018;60;18;GTA V;2026-02-27 12:30:00;2.0;completed;
1019;24;10;Apex Legends;2026-03-08 17:30:00;3.0;active;5.0
1020;83;13;Dota 2;2026-02-08 19:15:00;4.0;completed;4.0
1021;75;20;Apex Legends;2026-02-15 10:15:00;3.0;cancelled;
1022;44;9;GTA V;2026-03-02 11:30:00;3.0;completed;4.0
1023;79;15;Dota 2;2026-02-06 20:45:00;2.0;completed;
1024;26;9;Apex Legends;2026-02-08 23:45:00;1.0;completed;5.0
1025;72;2;Counter-Strike 2;2026-03-09 10:30:00;1.0;completed;4.0
1026;40;16;Counter-Strike 2;2026-03-19 17:45:00;2.0;completed;5.0
1027;52;19;Dota 2;2026-02-12 16:00:00;2.0;completed;2.0
1028;60;24;Dota 2;2026-02-08 16:30:00;4.0;completed;5.0
1029;71;8;Dota 2;2026-02-23 19:00:00;2.0;completed;5.0
1030;51;22;GTA V;2026-03-22 10:30:00;5.0;completed;5.0
1031;32;8;Valorant;2026-03-12 21:45:00;4.0;cancelled;
1032;56;18;Cyberpunk 2077;2026-03-02 13:00:00;2.0;active;4.0
1033;4;10;Dota 2;2026-02-13 17:30:00;1.0;cancelled;
1034;27;1;Dota 2;2026-02-03 19:30:00;3.0;completed;
1035;25;20;Counter-Strike 2;2026-03-07 13:45:00;2.0;completed;4.0
1036;36;9;Apex Legends;2026-03-23 13:30:00;3.0;completed;4.0
1037;62;12;Valorant;2026-02-02 20:00:00;3.0;completed;2.0
1038;2;9;Dota 2;2026-03-23 13:00:00;3.0;completed;5.0
1039;58;1;Cyberpunk 2077;2026-03-06 20:15:00;2.0;completed;4.0
1040;81;3;Cyberpunk 2077;2026-03-17 14:15:00;1.0;completed;4.0
1041;81;20;Dota 2;2026-03-14 21:30:00;2.0;completed;5.0
1042;41;1;Cyberpunk 2077;2026-02-13 20:45:00;3.0;completed;5.0
1043;44;15;Cyberpunk 2077;2026-02-21 22:15:00;3.0;active;5.0
1044;28;20;Cyberpunk 2077;2026-02-08 14:45:00;2.0;completed;5.0
1045;70;25;Apex Legends;2026-02-03 15:45:00;2.0;completed;5.0
1046;42;21;Counter-Strike 2;2026-03-07 17:30:00;2.0;completed;5.0
1047;71;15;GTA V;2026-03-18 18:00:00;2.0;completed;4.0
1048;53;25;Valorant;2026-03-21 12:30:00;3.0;completed;4.0
1049;74;14;Apex Legends;2026-02-12 11:45:00;2.0;completed;
1050;82;10;Valorant;2026-03-01 17:30:00;4.0;completed;4.0
1051;54;22;Valorant;2026-02-15 20:30:00;3.0;completed;3.0
1052;33;5;Valorant;2026-03-07 14:15:00;1.0;completed;4.0
1053;15;26;Dota 2;2026-02-21 20:30:00;1.0;completed;5.0
1054;61;22;GTA V;2026-03-01 16:00:00;1.0;active;5.0
1055;62;10;Counter-Strike 2;2026-02-12 16:00:00;3.0;completed;4.0
1056;51;25;Counter-Strike 2;2026-02-24 21:00:00;2.0;completed;4.0
1057;63;11;Dota 2;2026-03-22 14:00:00;2.0;completed;5.0
1058;75;25;GTA V;2026-02-05 10:30:00;2.0;active;1.0
1059;10;19;GTA V;2026-02-08 13:15:00;1.0;completed;4.0
1060;14;10;Dota 2;2026-02-14 22:15:00;3.0;completed;
1061;54;20;Cyberpunk 2077;2026-02-14 11:45:00;2.0;active;5.0
1062;41;18;Apex Legends;2026-02-24 19:15:00;2.0;active;
1063;2;19;Counter-Strike 2;2026-02-18 15:15:00;2.0;completed;4.0
1064;11;12;GTA V;2026-02-10 18:15:00;2.0;completed;4.0
1065;84;24;GTA V;2026-02-17 20:30:00;3.0;completed;3.0
1066;52;4;GTA V;2026-02-12 12:15:00;2.0;completed;5.0
1067;54;7;GTA V;2026-02-26 12:30:00;2.0;completed;5.0
1068;80;21;Cyberpunk 2077;2026-02-05 18:45:00;4.0;completed;4.0
1069;38;21;GTA V;2026-03-05 13:45:00;2.0;active;4.0
1070;5;24;Valorant;2026-03-23 15:15:00;3.0;active;4.0
1071;29;11;Apex Legends;2026-02-26 12:15:00;2.0;completed;3.0
1072;23;11;Valorant;2026-02-18 18:45:00;2.0;completed;3.0
1073;29;12;Counter-Strike 2;2026-02-04 18:45:00;2.0;completed;4.0
1074;61;2;Valorant;2026-03-12 20:45:00;4.0;completed;4.0
1075;75;14;Cyberpunk 2077;2026-02-08 13:45:00;3.0;completed;3.0
1076;9;5;Valorant;2026-03-16 12:15:00;1.0;completed;5.0
1077;47;10;Valorant;2026-03-18 10:00:00;1.0;completed;5.0
1078;19;19;Cyberpunk 2077;2026-03-03 17:30:00;1.0;active;4.0
1079;71;4;GTA V;2026-02-22 22:30:00;2.0;completed;5.0
1080;9;5;Counter-Strike 2;2026-03-02 17:30:00;3.0;completed;5.0
1081;72;4;Valorant;2026-02-07 22:15:00;2.0;active;4.0
1082;44;18;GTA V;2026-02-20 16:00:00;2.0;completed;
1083;62;4;Dota 2;2026-02-04 10:30:00;1.0;completed;2.0
1084;63;15;Dota 2;2026-02-19 10:15:00;3.0;active;5.0
1085;74;7;Dota 2;2026-02-17 11:15:00;2.0;completed;5.0
1086;8;26;Apex Legends;2026-02-25 10:45:00;2.0;completed;5.0
1087;72;2;Valorant;2026-03-21 15:00:00;3.0;completed;5.0
1088;21;20;Valorant;2026-03-11 18:00:00;2.0;completed;4.0
1089;7;20;GTA V;2026-02-10 14:30:00;2.0;active;5.0
1090;16;7;Dota 2;2026-03-13 13:45:00;3.0;completed;4.0
1091;6;10;Cyberpunk 2077;2026-02-12 22:30:00;1.0;completed;5.0
1092;71;21;Valorant;2026-03-10 10:15:00;3.0;completed;5.0
1093;49;19;Apex Legends;2026-03-09 23:45:00;1.0;completed;5.0
1094;25;18;Valorant;2026-02-03 21:00:00;3.0;cancelled;
1095;49;11;Cyberpunk 2077;2026-03-02 19:30:00;2.0;completed;4.0
1096;84;23;Dota 2;2026-02-11 12:30:00;3.0;completed;4.0
1097;1;9;Valorant;2026-03-02 23:00:00;2.0;completed;4.0
1098;82;9;Valorant;2026-03-09 13:15:00;3.0;completed;4.0
1099;22;24;Apex Legends;2026-03-21 20:15:00;3.0;completed;4.0
1100;61;3;Apex Legends;2026-03-18 16:45:00;3.0;completed;4.0
1101;73;14;Dota 2;2026-02-09 13:00:00;2.0;completed;4.0
1102;51;9;Counter-Strike 2;2026-03-20 10:00:00;3.0;completed;5.0
1103;68;22;Valorant;2026-02-11 23:30:00;2.0;active;
1104;83;25;Cyberpunk 2077;2026-02-04 13:15:00;3.0;completed;5.0
1105;38;23;Apex Legends;2026-02-22 10:00:00;4.0;completed;5.0
1106;9;17;Counter-Strike 2;2026-02-18 23:00:00;3.0;completed;4.0
1107;80;24;Dota 2;2026-03-08 20:15:00;1.0;completed;5.0
1108;34;5;Cyberpunk 2077;2026-03-07 23:00:00;2.0;completed;5.0
1109;28;7;Valorant;2026-02-01 21:15:00;3.0;completed;4.0
1110;16;6;Apex Legends;2026-02-14 10:45:00;5.0;completed;5.0
1111;4;15;Cyberpunk 2077;2026-03-08 23:00:00;2.0;completed;4.0
1112;29;20;Apex Legends;2026-02-07 18:15:00;4.0;completed;5.0
1113;56;16;Valorant;2026-03-23 16:15:00;2.0;completed;4.0
1114;49;10;Cyberpunk 2077;2026-03-08 13:00:00;4.0;completed;4.0
1115;68;16;Valorant;2026-02-06 16:45:00;1.0;completed;5.0
1116;84;8;GTA V;2026-02-15 18:00:00;2.0;cancelled;
1117;25;8;Valorant;2026-03-02 17:15:00;4.0;active;4.0
1118;62;19;Cyberpunk 2077;2026-02-16 23:00:00;3.0;cancelled;
1119;17;12;GTA V;2026-02-08 10:30:00;5.0;completed;4.0
1120;74;5;Counter-Strike 2;2026-03-01 18:45:00;3.0;active;3.0
1121;55;23;Counter-Strike 2;2026-02-18 12:00:00;2.0;completed;2.0
1122;54;18;Cyberpunk 2077;2026-02-25 20:30:00;1.0;completed;5.0
1123;60;14;Dota 2;2026-02-23 23:45:00;3.0;completed;5.0
1124;32;17;Dota 2;2026-03-20 14:15:00;2.0;completed;
1125;23;3;Apex Legends;2026-03-17 22:00:00;3.0;completed;4.0
1126;72;13;Counter-Strike 2;2026-03-13 23:30:00;3.0;active;
1127;7;14;Counter-Strike 2;2026-03-05 17:45:00;3.0;active;1.0
1128;51;18;Cyberpunk 2077;2026-03-13 22:45:00;1.0;completed;
1129;8;9;Dota 2;2026-02-15 12:30:00;2.0;completed;5.0
1130;82;18;Counter-Strike 2;2026-03-17 10:45:00;4.0;active;5.0
1131;50;11;Counter-Strike 2;2026-03-14 12:30:00;2.0;active;4.0
1132;5;3;Counter-Strike 2;2026-02-13 19:30:00;1.0;completed;4.0
1133;63;25;Cyberpunk 2077;2026-03-20 10:30:00;1.0;cancelled;
1134;13;6;Apex Legends;2026-02-23 20:45:00;2.0;completed;3.0
1135;7;10;Counter-Strike 2;2026-03-14 13:00:00;2.0;completed;
1136;76;9;Dota 2;2026-02-19 21:15:00;2.0;active;4.0
1137;76;1;Dota 2;2026-02-15 21:00:00;2.0;completed;4.0
1138;57;1;Cyberpunk 2077;2026-03-19 10:15:00;3.0;completed;
1139;1;12;GTA V;2026-03-22 19:45:00;4.0;completed;5.0
1140;43;9;Dota 2;2026-02-21 21:45:00;3.0;completed;5.0
1141;59;23;Counter-Strike 2;2026-02-12 21:30:00;3.0;completed;4.0
1142;78;24;Apex Legends;2026-02-23 13:00:00;2.0;completed;4.0
1143;10;6;Dota 2;2026-02-10 23:45:00;1.0;active;3.0
1144;29;22;Apex Legends;2026-03-19 18:45:00;2.0;completed;5.0
1145;63;11;Counter-Strike 2;2026-03-23 20:00:00;1.0;completed;4.0
1146;30;5;Dota 2;2026-03-05 19:00:00;3.0;completed;5.0
1147;36;17;GTA V;2026-02-06 17:30:00;3.0;completed;4.0
1148;83;25;Valorant;2026-02-02 12:15:00;4.0;completed;4.0
1149;44;5;GTA V;2026-02-17 13:30:00;3.0;completed;4.0
1150;44;23;GTA V;2026-02-22 15:45:00;3.0;completed;4.0
1151;49;18;Counter-Strike 2;2026-02-16 11:30:00;3.0;completed;5.0
1152;58;23;Counter-Strike 2;2026-02-04 11:00:00;5.0;completed;3.0
1153;10;5;GTA V;2026-02-24 12:00:00;3.0;completed;2.0
1154;40;6;Cyberpunk 2077;2026-03-19 14:00:00;4.0;active;1.0
1155;21;2;Cyberpunk 2077;2026-02-27 10:15:00;2.0;completed;4.0
1156;67;15;GTA V;2026-02-18 21:00:00;2.0;completed;5.0
1157;33;7;GTA V;2026-03-15 10:15:00;3.0;active;5.0
1158;25;17;Counter-Strike 2;2026-02-01 10:45:00;3.0;active;4.0
1159;7;22;Valorant;2026-03-03 10:45:00;5.0;completed;5.0
1160;84;4;GTA V;2026-02-03 18:30:00;4.0;completed;5.0
1161;40;15;GTA V;2026-02-19 12:15:00;3.0;completed;5.0
1162;78;10;Cyberpunk 2077;2026-02-14 23:15:00;3.0;completed;5.0
1163;84;11;Apex Legends;2026-02-19 15:30:00;2.0;completed;5.0
1164;35;16;Valorant;2026-03-12 12:15:00;1.0;completed;5.0
1165;23;20;Apex Legends;2026-02-13 19:15:00;2.0;completed;5.0
1166;21;16;Dota 2;2026-02-20 14:30:00;1.0;completed;3.0
1167;15;13;Dota 2;2026-02-14 18:30:00;1.0;completed;5.0
1168;74;24;Apex Legends;2026-03-22 11:00:00;4.0;completed;4.0
1169;33;6;Valorant;2026-03-21 13:15:00;2.0;completed;
1170;84;23;Cyberpunk 2077;2026-02-26 14:45:00;1.0;completed;
1171;84;22;Dota 2;2026-02-20 13:45:00;2.0;completed;5.0
1172;58;14;Apex Legends;2026-03-05 20:45:00;3.0;cancelled;
1173;5;8;Valorant;2026-03-03 17:45:00;1.0;completed;4.0
1174;74;16;GTA V;2026-02-03 13:00:00;3.0;completed;4.0
1175;10;20;Cyberpunk 2077;2026-03-18 18:00:00;2.0;active;5.0
1176;35;11;Counter-Strike 2;2026-03-12 14:30:00;2.0;cancelled;
1177;33;5;Counter-Strike 2;2026-03-02 10:30:00;3.0;completed;4.0
1178;39;10;Dota 2;2026-03-16 23:15:00;2.0;completed;3.0
1179;70;21;Valorant;2026-03-16 20:15:00;3.0;completed;2.0
1180;77;23;Dota 2;2026-03-07 13:30:00;3.0;completed;
1181;28;4;Valorant;2026-03-01 17:45:00;3.0;completed;
1182;62;22;Counter-Strike 2;2026-02-24 10:45:00;2.0;cancelled;
1183;22;18;Valorant;2026-02-18 17:15:00;2.0;completed;4.0
1184;65;16;Dota 2;2026-03-16 22:15:00;2.0;completed;2.0
1185;55;26;Valorant;2026-02-15 16:45:00;1.0;completed;
1186;81;5;Apex Legends;2026-02-18 17:30:00;2.0;completed;5.0
1187;2;9;Counter-Strike 2;2026-03-03 17:15:00;3.0;cancelled;
1188;72;8;Dota 2;2026-02-14 13:30:00;5.0;completed;4.0
1189;43;5;Apex Legends;2026-02-15 15:15:00;1.0;cancelled;
1190;74;17;Cyberpunk 2077;2026-02-23 18:30:00;1.0;completed;4.0
1191;72;2;Counter-Strike 2;2026-02-10 16:30:00;1.0;active;4.0
1192;10;2;Dota 2;2026-02-05 10:30:00;4.0;completed;4.0
1193;20;19;Valorant;2026-02-27 14:30:00;4.0;completed;
1194;51;17;Valorant;2026-03-23 16:15:00;2.0;completed;5.0
1195;47;23;Dota 2;2026-03-15 10:15:00;4.0;completed;4.0
1196;42;26;GTA V;2026-03-18 19:30:00;1.0;active;3.0
1197;42;23;Dota 2;2026-03-23 18:45:00;1.0;active;1.0
1198;59;4;Cyberpunk 2077;2026-03-08 19:45:00;2.0;completed;4.0
1199;80;26;Dota 2;2026-02-01 16:15:00;1.0;active;5.0
1200;73;14;Valorant;2026-03-07 11:30:00;3.0;completed;4.0
1201;27;25;Cyberpunk 2077;2026-02-01 18:00:00;1.0;completed;5.0
1202;8;14;Dota 2;2026-03-15 19:15:00;4.0;completed;5.0
1203;72;8;Apex Legends;2026-03-05 17:15:00;3.0;active;5.0
1204;48;13;Apex Legends;2026-03-13 14:00:00;4.0;completed;5.0
1205;7;21;Dota 2;2026-02-10 19:15:00;2.0;completed;
1206;76;23;GTA V;2026-02-26 11:30:00;2.0;completed;3.0
1207;57;18;Counter-Strike 2;2026-03-09 23:45:00;2.0;completed;5.0
1208;11;24;GTA V;2026-02-26 18:30:00;1.0;completed;
1209;55;23;GTA V;2026-02-21 20:45:00;2.0;active;5.0
1210;53;19;Cyberpunk 2077;2026-02-02 12:45:00;3.0;completed;3.0
1211;15;13;Cyberpunk 2077;2026-02-22 13:30:00;2.0;cancelled;
1212;81;2;Valorant;2026-02-05 18:15:00;3.0;completed;3.0
1213;52;2;Dota 2;2026-02-22 14:30:00;2.0;cancelled;
1214;37;21;Cyberpunk 2077;2026-02-20 15:15:00;3.0;completed;3.0
1215;34;26;Dota 2;2026-02-01 16:15:00;1.0;completed;4.0
1216;26;26;GTA V;2026-02-14 15:00:00;3.0;completed;5.0
1217;41;3;Cyberpunk 2077;2026-02-28 11:15:00;2.0;completed;4.0
1218;14;3;GTA V;2026-02-19 22:15:00;3.0;active;5.0
1219;71;16;Apex Legends;2026-02-24 19:45:00;2.0;active;4.0
1220;17;11;Counter-Strike 2;2026-02-02 20:45:00;4.0;completed;5.0
1221;74;22;Valorant;2026-03-14 21:15:00;3.0;completed;2.0
1222;72;17;GTA V;2026-02-22 21:30:00;2.0;completed;5.0
1223;70;2;Dota 2;2026-02-06 16:00:00;2.0;active;4.0
1224;66;10;Counter-Strike 2;2026-02-13 16:00:00;2.0;completed;4.0
1225;16;19;Dota 2;2026-02-04 16:30:00;3.0;completed;5.0
1226;85;22;Counter-Strike 2;2026-03-07 21:00:00;2.0;completed;4.0
1227;23;8;Valorant;2026-03-11 12:45:00;1.0;completed;5.0
1228;26;8;Cyberpunk 2077;2026-03-10 12:45:00;3.0;completed;4.0
1229;43;1;GTA V;2026-02-19 11:30:00;1.0;completed;3.0
1230;82;7;Apex Legends;2026-02-05 16:15:00;3.0;completed;
1231;4;4;Valorant;2026-03-04 17:30:00;2.0;active;
1232;57;24;GTA V;2026-02-05 23:00:00;2.0;completed;4.0
1233;79;9;Cyberpunk 2077;2026-03-04 10:45:00;1.0;completed;4.0
1234;74;20;GTA V;2026-02-12 11:15:00;1.0;completed;3.0
1235;51;7;Valorant;2026-03-05 23:45:00;3.0;completed;5.0
1236;24;3;GTA V;2026-02-25 14:00:00;3.0;completed;4.0
1237;82;2;Valorant;2026-03-01 11:30:00;2.0;completed;5.0
1238;64;5;Valorant;2026-02-05 12:00:00;4.0;completed;5.0
1239;66;16;GTA V;2026-03-10 21:30:00;3.0;completed;4.0
1240;80;3;Dota 2;2026-03-11 13:45:00;2.0;completed;
1241;12;19;Apex Legends;2026-03-10 10:00:00;1.0;completed;4.0
1242;38;3;GTA V;2026-02-17 18:15:00;1.0;completed;4.0
1243;55;22;Apex Legends;2026-03-01 17:15:00;2.0;cancelled;
1244;29;17;Valorant;2026-02-09 19:45:00;2.0;completed;4.0
1245;13;1;Dota 2;2026-02-16 14:15:00;3.0;completed;5.0
1246;28;18;Cyberpunk 2077;2026-03-05 23:30:00;1.0;active;4.0
1247;27;2;Counter-Strike 2;2026-02-06 19:00:00;2.0;completed;2.0
1248;81;13;Dota 2;2026-02-09 11:30:00;1.0;active;4.0
1249;2;8;GTA V;2026-02-21 18:45:00;1.0;completed;
1250;25;12;Apex Legends;2026-02-27 18:30:00;3.0;cancelled;
1251;74;1;Dota 2;2026-03-07 15:15:00;5.0;completed;5.0
1252;23;1;Dota 2;2026-03-06 12:00:00;2.0;completed;5.0
1253;49;18;Cyberpunk 2077;2026-02-21 20:30:00;3.0;completed;5.0
1254;35;19;Apex Legends;2026-03-08 14:45:00;5.0;completed;5.0
1255;16;17;GTA V;2026-02-06 15:30:00;2.0;completed;
1256;58;26;Apex Legends;2026-02-01 11:45:00;3.0;completed;5.0
1257;81;24;Counter-Strike 2;2026-03-19 19:30:00;4.0;completed;5.0
1258;76;4;Counter-Strike 2;2026-02-05 20:45:00;2.0;active;3.0
1259;18;4;Apex Legends;2026-02-04 12:00:00;3.0;completed;5.0
1260;74;13;Valorant;2026-02-07 20:15:00;2.0;completed;3.0
1261;10;24;Apex Legends;2026-03-02 17:00:00;1.0;completed;4.0
1262;23;2;Valorant;2026-02-08 18:45:00;2.0;completed;
1263;35;15;Counter-Strike 2;2026-03-11 19:15:00;2.0;completed;5.0
1264;4;4;Valorant;2026-03-17 23:45:00;2.0;completed;
1265;84;12;Cyberpunk 2077;2026-02-02 15:00:00;1.0;completed;4.0
1266;35;15;Valorant;2026-03-09 20:45:00;1.0;completed;4.0
1267;3;19;Counter-Strike 2;2026-02-28 18:30:00;3.0;completed;4.0
1268;67;15;Dota 2;2026-03-04 10:45:00;5.0;completed;3.0
1269;71;19;Apex Legends;2026-02-26 22:45:00;4.0;completed;3.0
1270;26;1;Cyberpunk 2077;2026-02-25 14:00:00;2.0;completed;5.0
1271;64;23;GTA V;2026-03-18 19:15:00;2.0;completed;5.0
1272;36;16;Counter-Strike 2;2026-03-07 10:45:00;4.0;completed;4.0
1273;32;21;Counter-Strike 2;2026-02-18 23:15:00;1.0;completed;4.0
1274;68;20;Cyberpunk 2077;2026-02-14 10:15:00;3.0;completed;
1275;48;8;Dota 2;2026-02-04 10:15:00;2.0;completed;5.0
1276;69;23;Apex Legends;2026-03-19 19:15:00;3.0;completed;5.0
1277;52;21;GTA V;2026-03-02 19:45:00;2.0;completed;4.0
1278;62;22;Dota 2;2026-03-14 23:00:00;2.0;completed;4.0
1279;66;10;Cyberpunk 2077;2026-02-25 16:45:00;2.0;completed;3.0
1280;64;9;Valorant;2026-02-19 17:30:00;2.0;completed;4.0
1281;71;20;Dota 2;2026-03-03 21:15:00;1.0;active;4.0
1282;15;22;Valorant;2026-03-15 17:45:00;4.0;completed;5.0
1283;44;13;Counter-Strike 2;2026-02-17 16:00:00;1.0;completed;4.0
1284;51;6;Apex Legends;2026-02-12 18:45:00;2.0;completed;5.0
1285;61;4;GTA V;2026-02-14 13:30:00;2.0;completed;2.0
1286;59;1;Apex Legends;2026-02-16 10:45:00;4.0;completed;
1287;5;4;Apex Legends;2026-02-04 13:00:00;2.0;completed;5.0
1288;26;17;Valorant;2026-02-19 17:15:00;5.0;completed;
1289;69;9;Counter-Strike 2;2026-03-14 14:00:00;2.0;completed;5.0
1290;11;2;Valorant;2026-02-15 23:00:00;2.0;completed;4.0
1291;39;11;GTA V;2026-02-10 21:15:00;4.0;active;5.0
1292;1;11;Cyberpunk 2077;2026-02-17 18:00:00;3.0;completed;4.0
1293;14;1;Cyberpunk 2077;2026-02-16 18:30:00;2.0;completed;4.0
1294;23;23;Apex Legends;2026-03-05 13:00:00;1.0;completed;4.0
1295;74;11;Cyberpunk 2077;2026-02-19 20:00:00;3.0;active;5.0
1296;13;4;Apex Legends;2026-03-23 13:30:00;4.0;completed;4.0
1297;23;25;Valorant;2026-02-06 11:00:00;4.0;completed;4.0
1298;37;15;Valorant;2026-03-11 23:45:00;2.0;completed;5.0
1299;20;5;Counter-Strike 2;2026-03-22 19:15:00;3.0;cancelled;
1300;7;14;Counter-Strike 2;2026-03-02 11:00:00;5.0;completed;3.0
