member_id;nickname;city;email;registered_at;loyalty_tier;balance
M-1001;Ronin;Казань;ronin@gmail.com;2025-04-30;Bronze;677
M-1002;Sniper_2024;Санкт-Петербург;sniper2024@mail.ru;2026-04-05;Bronze;24
M-1003;Hawk;Санкт-Петербург;hawk@yandex.ru;2025-12-19;Bronze;850
M-1004;Rogue;Москва;rogue@bk.ru;2025-03-12;Gold;361
M-1005;Bullet_77;Москва;bullet77@mail.ru;2025-06-26;Bronze;1517
M-1006;Hunter_69;Москва;hunter69@yandex.ru;2025-08-19;Bronze;70
M-1007;TitanXx_6;Казань;titan6@gmail.com;2025-07-25;Bronze;699
M-1008;Phoenix;Москва;;2025-04-16;Bronze;308
M-1009;Phoenix_89;Санкт-Петербург;phoenix89@mail.ru;2025-05-05;Gold;174
M-1010;Ronin_2024;Москва;;2026-01-31;Bronze;66
M-1011;Reaper_2025;Санкт-Петербург;reaper2025@mail.ru;2025-01-28;Silver;501
M-1012;Raven_2024;Москва;raven2024@bk.ru;2025-05-16;Gold;1097
M-1013;Shadow;Санкт-Петербург;shadow@yandex.ru;2025-03-26;Gold;2055
M-1014;Reaper;Санкт-Петербург;;2025-05-18;Bronze;496
M-1015;GhostXx_2;Казань;ghost2@mail.ru;2025-12-28;Bronze;244
M-1016;Turbo_89;Москва;turbo89@mail.ru;2025-01-12;Bronze;442
M-1017;Grizzly_52;Санкт-Петербург;grizzly52@mail.ru;2025-10-14;Silver;448
M-1018;Omega_2026;Москва;omega2026@mail.ru;2025-04-19;Bronze;2848
M-1019;NoobMaster_2024;Санкт-Петербург;noobmaster2024@bk.ru;2025-05-25;Silver;146
M-1020;Ronin_2026;Москва;ronin2026@yandex.ru;2025-07-03;Bronze;1135
M-1021;Storm_2026;Санкт-Петербург;storm2026@mail.ru;2025-03-15;Silver;303
M-1022;Cobra;Москва;;2025-12-15;Bronze;126
M-1023;SilverFox;Санкт-Петербург;silverfox@yandex.ru;2026-02-24;Silver;2
M-1024;Sniper;Москва;;2025-12-23;Bronze;762
M-1025;ViperXx_8;Санкт-Петербург;viper8@mail.ru;2025-06-26;Silver;572
M-1026;Omega_2024;Казань;omega2024@yandex.ru;2025-04-30;Gold;195
M-1027;Samurai;Москва;samurai@mail.ru;2026-03-09;Bronze;54
M-1028;DragonXx_5;Санкт-Петербург;dragon5@mail.ru;2025-02-17;Platinum;1331
M-1029;Turbo_2024;Казань;turbo2024@mail.ru;2025-03-01;Bronze;58
M-1030;NoobMaster;Москва;noobmaster@mail.ru;2025-12-07;Bronze;153
M-1031;DarkLord_2024;Санкт-Петербург;darklord2024@yandex.ru;2026-03-13;Bronze;2658
M-1032;Omega;Санкт-Петербург;omega@mail.ru;2025-02-25;Bronze;319
M-1033;GhostXx_6;Москва;ghost6@mail.ru;2025-11-17;Silver;487
M-1034;Reaper_48;Москва;reaper48@inbox.ru;2025-02-26;Bronze;974
M-1035;Echo_14;Москва;echo14@mail.ru;2025-01-19;Bronze;13
M-1036;Bullet_30;Москва;bullet30@mail.ru;2025-08-13;Bronze;117
M-1037;Neo_2025;Санкт-Петербург;neo2025@mail.ru;2025-05-23;Gold;492
M-1038;DarkLordXx_5;Казань;darklord5@yandex.ru;2026-03-19;Bronze;1337
M-1039;DragonXx_6;Казань;dragon6@mail.ru;2025-02-07;Bronze;770
M-1040;SilverFoxXx_8;Москва;silverfox8@mail.ru;2025-07-21;Bronze;350
M-1041;StrikerXx_6;Москва;striker6@gmail.com;2026-03-22;Bronze;142
M-1042;Grizzly;Новосибирск;grizzly@yandex.ru;2025-06-03;Silver;512
M-1043;Shade;Екатеринбург;shade@yandex.ru;2025-09-14;Gold;320
M-1044;NoobMaster_71;Казань;noobmaster71@bk.ru;2025-01-14;Silver;426
M-1045;Bullet_2025;Москва;bullet2025@yandex.ru;2025-09-08;Bronze;1560
M-1046;Samurai_810;Санкт-Петербург;samurai810@inbox.ru;2025-08-26;Platinum;531
M-1047;Shadow_59;Казань;shadow59@mail.ru;2026-02-26;Silver;366
M-1048;Omega_951;Москва;;2025-08-05;Platinum;856
M-1049;GhostXx_9;Новосибирск;;2025-06-03;Bronze;247
M-1050;Sniper_436;Москва;sniper436@mail.ru;2025-06-24;Bronze;117
M-1051;BulletXx_7;Санкт-Петербург;bullet7@mail.ru;2025-09-02;Gold;47
M-1052;Rogue_96;Москва;rogue96@yandex.ru;2025-12-26;Bronze;185
M-1053;Kaiser;Екатеринбург;;2025-06-08;Gold;90
M-1054;Apex;Казань;apex@gmail.com;2026-01-06;Bronze;353
M-1055;Ghost_2026;Москва;ghost2026@yandex.ru;2025-03-21;Platinum;277
M-1056;Ronin_362;Москва;ronin362@yandex.ru;2026-03-22;Bronze;130
M-1057;Flash_73;Москва;flash73@mail.ru;2025-10-03;Silver;462
M-1058;Bullet_2024;Москва;bullet2024@yandex.ru;2025-09-10;Silver;378
M-1059;Falcon_10;Москва;falcon10@gmail.com;2025-09-03;Bronze;392
M-1060;Vortex;Казань;vortex@yandex.ru;2026-03-13;Bronze;468
M-1061;Apex_2024;Санкт-Петербург;apex2024@yandex.ru;2025-04-04;Bronze;474
M-1062;Flash_84;Москва;flash84@mail.ru;2025-12-20;Bronze;1200
M-1063;Storm_170;Москва;;2025-05-12;Platinum;1399
M-1064;CyberKnight_2024;Москва;cyberknight2024@mail.ru;2025-04-16;Bronze;893
M-1065;SilverFox_203;Казань;silverfox203@gmail.com;2025-11-23;Silver;806
M-1066;Dragon;Санкт-Петербург;dragon@bk.ru;2026-04-08;Silver;627
M-1067;Echo_33;Новосибирск;echo33@yandex.ru;2026-01-07;Gold;3
M-1068;Rogue_2026;Москва;;2025-02-27;Bronze;589
M-1069;Echo_2024;Казань;echo2024@gmail.com;2026-03-07;Silver;153
M-1070;Frost_2025;Москва;frost2025@mail.ru;2026-03-02;Bronze;417
M-1071;Falcon_2025;Москва;falcon2025@yandex.ru;2025-05-26;Silver;2042
M-1072;Hunter;Москва;hunter@mail.ru;2026-04-01;Gold;485
M-1073;IronClad;Москва;ironclad@yandex.ru;2025-12-30;Bronze;454
M-1074;Shade_59;Санкт-Петербург;shade59@gmail.com;2025-02-03;Bronze;441
M-1075;Dragon_36;Москва;dragon36@mail.ru;2025-01-16;Bronze;1750
M-1076;Shade_57;Москва;shade57@gmail.com;2025-08-08;Gold;102
M-1077;NeoXx_4;Москва;neo4@yandex.ru;2025-09-06;Bronze;1052
M-1078;Shade_65;Москва;;2025-07-28;Bronze;771
M-1079;NoobMaster_79;Казань;noobmaster79@yandex.ru;2026-02-01;Bronze;874
M-1080;Matrix_66;Екатеринбург;matrix66@yandex.ru;2026-02-15;Silver;1736
M-1081;CobraXx_9;Москва;cobra9@inbox.ru;2025-05-09;Silver;378
M-1082;Titan_84;Санкт-Петербург;titan84@mail.ru;2025-12-16;Gold;25
M-1083;PhoenixXx_1;Москва;phoenix1@mail.ru;2025-08-10;Bronze;288
M-1084;Phoenix_2024;Москва;phoenix2024@yandex.ru;2025-02-13;Bronze;184
M-1085;Flash_87;Новосибирск;flash87@mail.ru;2025-05-09;Platinum;228
M-1086;NoobMaster_940;Новосибирск;noobmaster940@mail.ru;2025-12-01;Bronze;359
M-1087;Zero_95;Москва;;2025-07-19;Bronze;578
M-1088;Sniper_98;Москва;sniper98@yandex.ru;2026-02-08;Silver;896
M-1089;SpecterXx_7;Казань;specter7@gmail.com;2025-02-20;Gold;686
M-1090;ShadowXx_1;Москва;shadow1@mail.ru;2026-03-18;Silver;550
M-1091;FalconXx_2;Москва;falcon2@mail.ru;2025-05-07;Gold;771
M-1092;Striker;Казань;;2025-09-06;Bronze;470
M-1093;Specter_2025;Новосибирск;;2025-11-16;Bronze;964
M-1094;Specter;Екатеринбург;specter@gmail.com;2025-10-10;Bronze;1148
M-1095;Reaper_617;Казань;reaper617@yandex.ru;2026-01-27;Bronze;984
M-1096;Storm;Москва;storm@gmail.com;2025-11-07;Gold;652
M-1097;Reaper_70;Санкт-Петербург;reaper70@mail.ru;2025-11-15;Silver;868
M-1098;CyberKnight_56;Санкт-Петербург;cyberknight56@mail.ru;2025-07-31;Platinum;1654
M-1099;Specter_71;Москва;specter71@mail.ru;2025-04-30;Bronze;570
M-1100;Shadow_731;Екатеринбург;shadow731@bk.ru;2025-04-24;Bronze;169
M-1101;Storm_71;Москва;;2025-07-05;Silver;914
M-1102;IronClad_66;Москва;ironclad66@mail.ru;2025-04-27;Bronze;338
M-1103;DragonXx_9;Москва;;2025-07-18;Bronze;69
M-1104;Ghost_2024;Казань;ghost2024@mail.ru;2025-04-23;Bronze;215
M-1105;BlazeXx_1;Москва;blaze1@mail.ru;2026-01-30;Gold;28
M-1106;Turbo_372;Новосибирск;turbo372@inbox.ru;2025-01-24;Bronze;1186
M-1107;Specter_74;Новосибирск;specter74@gmail.com;2025-03-04;Bronze;90
M-1108;IronClad_280;Санкт-Петербург;ironclad280@inbox.ru;2026-01-09;Silver;1074
M-1109;Titan;Новосибирск;titan@bk.ru;2025-12-29;Bronze;309
M-1110;Rogue_57;Новосибирск;rogue57@mail.ru;2025-05-13;Bronze;195
M-1111;NoobMaster_60;Екатеринбург;noobmaster60@mail.ru;2025-04-09;Silver;161
M-1112;Reaper_832;Москва;reaper832@yandex.ru;2025-12-05;Bronze;499
M-1113;CyberKnight;Москва;cyberknight@yandex.ru;2025-05-18;Bronze;263
M-1114;ViperXx_3;Казань;viper3@gmail.com;2025-02-12;Bronze;2237
M-1115;DarkLord_2025;Москва;darklord2025@yandex.ru;2025-08-22;Silver;55
M-1116;PhantomXx_6;Санкт-Петербург;phantom6@gmail.com;2026-02-25;Bronze;1982
M-1117;Turbo_44;Новосибирск;turbo44@yandex.ru;2026-02-24;Gold;324
M-1118;ShadeXx_2;Санкт-Петербург;shade2@mail.ru;2026-02-25;Silver;341
M-1119;Phoenix_2025;Санкт-Петербург;phoenix2025@gmail.com;2025-09-01;Gold;31
M-1120;Hawk_996;Казань;hawk996@mail.ru;2025-07-07;Bronze;74
M-1121;Kaiser_40;Екатеринбург;kaiser40@mail.ru;2025-09-30;Bronze;2324
M-1122;Cobra_85;Казань;;2025-03-05;Bronze;823
M-1123;Dragon_886;Москва;dragon886@mail.ru;2025-08-25;Platinum;445
M-1124;Phantom_2024;Санкт-Петербург;phantom2024@mail.ru;2025-10-05;Bronze;1345
M-1125;Storm_2025;Санкт-Петербург;storm2025@mail.ru;2025-01-28;Bronze;1467
M-1126;Bullet_201;Санкт-Петербург;bullet201@mail.ru;2025-10-18;Bronze;494
M-1127;Storm_374;Новосибирск;storm374@yandex.ru;2025-12-26;Bronze;75
M-1128;Phoenix_2026;Москва;phoenix2026@mail.ru;2025-04-22;Gold;215
M-1129;Grizzly_2024;Санкт-Петербург;grizzly2024@yandex.ru;2025-02-18;Gold;64
M-1130;Specter_450;Санкт-Петербург;specter450@yandex.ru;2025-10-02;Bronze;183
M-1131;Flash;Санкт-Петербург;flash@yandex.ru;2025-08-13;Bronze;1452
M-1132;Neo_54;Казань;neo54@yandex.ru;2026-01-19;Gold;451
M-1133;SilverFox_36;Новосибирск;silverfox36@mail.ru;2025-07-22;Bronze;612
M-1134;Reaper_587;Москва;reaper587@mail.ru;2025-05-15;Bronze;161
M-1135;Matrix;Москва;matrix@yandex.ru;2025-03-11;Silver;114
M-1136;Vortex_2024;Москва;vortex2024@yandex.ru;2026-03-06;Platinum;86
M-1137;Turbo_2025;Новосибирск;turbo2025@mail.ru;2025-04-30;Bronze;645
M-1138;StrikerXx_7;Москва;striker7@yandex.ru;2025-02-23;Silver;99
M-1139;Echo_2026;Москва;echo2026@mail.ru;2025-09-22;Bronze;947
M-1140;Viper;Новосибирск;viper@yandex.ru;2025-01-18;Platinum;1814
M-1141;Cobra_280;Новосибирск;cobra280@yandex.ru;2025-09-12;Bronze;789
M-1142;ApexXx_8;Москва;apex8@yandex.ru;2025-01-20;Silver;995
M-1143;Phoenix_504;Екатеринбург;phoenix504@gmail.com;2025-09-17;Bronze;37
M-1144;Cobra_184;Казань;cobra184@mail.ru;2026-03-27;Silver;291
M-1145;Phoenix_388;Москва;phoenix388@mail.ru;2025-10-12;Gold;3
M-1146;Flash_384;Санкт-Петербург;flash384@yandex.ru;2025-02-19;Bronze;978
M-1147;SilverFox_2024;Москва;silverfox2024@gmail.com;2025-02-08;Bronze;155
M-1148;Turbo_74;Казань;;2025-08-06;Bronze;13
M-1149;Rogue_846;Москва;rogue846@mail.ru;2026-01-10;Silver;242
M-1150;CyberKnight_998;Новосибирск;cyberknight998@mail.ru;2025-08-12;Silver;837
M-1151;Specter_78;Санкт-Петербург;;2025-12-21;Silver;144
M-1152;CyberKnightXx_6;Екатеринбург;cyberknight6@yandex.ru;2026-03-29;Gold;1660
M-1153;Turbo_337;Москва;turbo337@mail.ru;2026-02-10;Gold;154
M-1154;Sniper_442;Москва;sniper442@mail.ru;2025-02-24;Gold;565
M-1155;StormXx_1;Москва;storm1@yandex.ru;2025-10-26;Gold;1368
M-1156;Storm_717;Москва;storm717@mail.ru;2025-08-11;Silver;468
M-1157;Ghost_376;Санкт-Петербург;;2025-11-11;Silver;131
M-1158;Cobra_59;Санкт-Петербург;cobra59@mail.ru;2025-12-12;Bronze;546
M-1159;Shade_682;Москва;shade682@mail.ru;2025-01-28;Platinum;204
M-1160;ZeroXx_8;Санкт-Петербург;zero8@mail.ru;2025-02-12;Bronze;808
M-1161;Ghost;Москва;;2026-01-08;Silver;1324
M-1162;Rogue_87;Москва;rogue87@yandex.ru;2026-01-15;Bronze;56
M-1163;FalconXx_6;Москва;falcon6@inbox.ru;2025-07-05;Bronze;193
M-1164;Rogue_56;Екатеринбург;rogue56@mail.ru;2026-01-15;Bronze;457
M-1165;SamuraiXx_1;Казань;samurai1@mail.ru;2025-05-20;Gold;318
M-1166;EchoXx_2;Санкт-Петербург;;2026-01-03;Gold;49
M-1167;Cobra_17;Москва;cobra17@mail.ru;2026-01-10;Bronze;40
M-1168;Hawk_46;Москва;hawk46@mail.ru;2025-05-10;Silver;183
M-1169;Flash_2024;Москва;flash2024@mail.ru;2026-01-15;Platinum;65
M-1170;Echo;Новосибирск;echo@yandex.ru;2026-01-23;Silver;186
M-1171;Vortex_423;Екатеринбург;;2025-01-29;Silver;91
M-1172;Ghost_10;Москва;ghost10@yandex.ru;2025-06-01;Bronze;650
M-1173;Matrix_829;Казань;;2025-03-12;Gold;1091
M-1174;Shade_876;Санкт-Петербург;shade876@yandex.ru;2025-04-04;Gold;1481
M-1175;Shade_783;Москва;shade783@yandex.ru;2025-11-03;Bronze;871
M-1176;Echo_2025;Казань;echo2025@mail.ru;2025-08-15;Bronze;705
M-1177;IronClad_537;Москва;ironclad537@mail.ru;2025-02-25;Bronze;1042
M-1178;ReaperXx_5;Санкт-Петербург;reaper5@yandex.ru;2025-02-03;Platinum;394
M-1179;GrizzlyXx_5;Москва;grizzly5@gmail.com;2026-04-03;Bronze;333
M-1180;Dragon_2025;Москва;dragon2025@mail.ru;2025-02-03;Silver;0
M-1181;Echo_418;Москва;echo418@yandex.ru;2025-09-21;Bronze;429
M-1182;Blaze_14;Казань;blaze14@mail.ru;2025-11-01;Bronze;301
M-1183;Raven_91;Москва;raven91@mail.ru;2026-03-07;Gold;397
M-1184;Samurai_2025;Москва;samurai2025@gmail.com;2026-03-31;Gold;244
M-1185;Turbo_94;Санкт-Петербург;turbo94@yandex.ru;2025-02-04;Silver;51
M-1186;SilverFox_730;Москва;silverfox730@mail.ru;2025-07-09;Silver;1154
M-1187;Echo_641;Москва;echo641@mail.ru;2025-08-09;Platinum;981
M-1188;NoobMaster_86;Казань;noobmaster86@mail.ru;2025-09-03;Bronze;134
M-1189;Storm_314;Москва;storm314@yandex.ru;2025-08-14;Silver;1286
M-1190;Ronin_58;Санкт-Петербург;ronin58@mail.ru;2025-10-17;Bronze;578
M-1191;Apex_84;Новосибирск;apex84@mail.ru;2025-02-10;Gold;831
M-1192;Grizzly_916;Казань;grizzly916@yandex.ru;2025-07-23;Bronze;114
M-1193;Phoenix_737;Москва;phoenix737@yandex.ru;2025-07-28;Gold;193
M-1194;Phantom_503;Москва;phantom503@mail.ru;2026-02-07;Platinum;414
M-1195;KaiserXx_7;Казань;kaiser7@mail.ru;2025-11-12;Silver;2501
M-1196;StrikerXx_2;Москва;striker2@inbox.ru;2025-04-17;Bronze;1355
M-1197;KaiserXx_8;Москва;kaiser8@mail.ru;2025-04-08;Bronze;1037
M-1198;Dragon_2026;Санкт-Петербург;;2025-11-13;Bronze;103
M-1199;Rogue_59;Москва;;2026-01-31;Bronze;1401
M-1200;Specter_748;Казань;specter748@mail.ru;2026-02-26;Bronze;310
M-1201;Vortex_131;Санкт-Петербург;vortex131@yandex.ru;2025-09-28;Silver;341
M-1202;Matrix_2025;Казань;matrix2025@gmail.com;2026-02-01;Silver;485
M-1203;Apex_453;Москва;apex453@gmail.com;2025-11-25;Bronze;340
M-1204;Kaiser_2026;Москва;kaiser2026@mail.ru;2025-06-30;Gold;326
M-1205;Sniper_845;Казань;sniper845@mail.ru;2025-12-26;Bronze;1051
M-1206;Dragon_853;Санкт-Петербург;dragon853@mail.ru;2025-10-05;Bronze;33
M-1207;Viper_780;Екатеринбург;viper780@yandex.ru;2026-03-19;Silver;322
M-1208;VortexXx_5;Москва;vortex5@gmail.com;2025-09-13;Bronze;105
M-1209;CyberKnight_2026;Новосибирск;cyberknight2026@gmail.com;2025-06-11;Silver;1523
M-1210;Phantom;Москва;phantom@yandex.ru;2025-06-13;Silver;407
M-1211;Hawk_82;Казань;hawk82@yandex.ru;2025-12-22;Bronze;410
M-1212;Grizzly_766;Новосибирск;grizzly766@inbox.ru;2025-12-11;Bronze;50
M-1213;Specter_37;Санкт-Петербург;specter37@yandex.ru;2026-01-24;Bronze;583
M-1214;Apex_45;Санкт-Петербург;apex45@yandex.ru;2025-07-09;Silver;264
M-1215;HunterXx_6;Казань;hunter6@yandex.ru;2025-10-12;Bronze;953
M-1216;Flash_2025;Москва;flash2025@mail.ru;2026-03-06;Gold;976
M-1217;DarkLordXx_1;Екатеринбург;;2025-12-06;Silver;74
M-1218;Hawk_642;Москва;hawk642@mail.ru;2026-04-06;Silver;396
M-1219;Phantom_662;Санкт-Петербург;phantom662@mail.ru;2025-07-18;Silver;246
M-1220;MatrixXx_8;Москва;matrix8@mail.ru;2025-11-27;Bronze;724
M-1221;Sniper_414;Санкт-Петербург;sniper414@mail.ru;2025-09-18;Gold;706
M-1222;Zero_19;Санкт-Петербург;zero19@yandex.ru;2026-04-13;Bronze;457
M-1223;Storm_41;Москва;storm41@mail.ru;2025-07-21;Bronze;67
M-1224;Titan_67;Екатеринбург;titan67@gmail.com;2026-01-08;Bronze;483
M-1225;Dragon_345;Москва;dragon345@mail.ru;2025-12-27;Silver;1200
M-1226;Turbo_2026;Санкт-Петербург;turbo2026@bk.ru;2026-01-20;Bronze;287
M-1227;Bullet;Москва;bullet@yandex.ru;2026-01-14;Silver;621
M-1228;Shadow_2024;Москва;shadow2024@yandex.ru;2025-09-07;Bronze;764
M-1229;Rogue_608;Санкт-Петербург;rogue608@yandex.ru;2025-07-17;Bronze;9
M-1230;ShadeXx_5;Москва;shade5@mail.ru;2025-04-24;Bronze;110
M-1231;Blaze_2026;Москва;blaze2026@yandex.ru;2025-12-29;Bronze;273
M-1232;Shadow_645;Санкт-Петербург;shadow645@yandex.ru;2025-12-26;Bronze;547
M-1233;Dragon_969;Москва;;2025-08-26;Silver;766
M-1234;Zero;Москва;zero@yandex.ru;2026-02-24;Gold;1662
M-1235;TitanXx_8;Санкт-Петербург;titan8@mail.ru;2026-02-06;Bronze;40
M-1236;Kaiser_639;Санкт-Петербург;;2025-11-24;Gold;458
M-1237;Apex_26;Новосибирск;apex26@yandex.ru;2025-08-05;Bronze;433
M-1238;Samurai_2026;Санкт-Петербург;;2025-07-30;Bronze;343
M-1239;Grizzly_470;Москва;grizzly470@mail.ru;2025-01-18;Bronze;185
M-1240;Striker_13;Екатеринбург;striker13@gmail.com;2026-04-11;Silver;191
M-1241;RoninXx_8;Екатеринбург;ronin8@yandex.ru;2026-03-22;Bronze;16
M-1242;Storm_2024;Москва;storm2024@mail.ru;2025-09-27;Silver;354
M-1243;Shadow_2025;Москва;shadow2025@mail.ru;2025-05-30;Bronze;2009
M-1244;Zero_775;Екатеринбург;zero775@yandex.ru;2025-01-25;Bronze;17
M-1245;Zero_572;Екатеринбург;zero572@mail.ru;2025-06-15;Bronze;867
M-1246;Falcon_534;Москва;;2025-02-25;Bronze;501
M-1247;Turbo;Москва;turbo@gmail.com;2025-10-13;Bronze;1040
M-1248;ShadeXx_8;Новосибирск;shade8@yandex.ru;2026-01-22;Bronze;226
M-1249;Neo;Санкт-Петербург;neo@mail.ru;2026-01-09;Bronze;945
M-1250;NoobMasterXx_9;Екатеринбург;noobmaster9@gmail.com;2025-04-27;Bronze;386
M-1251;Striker_2025;Москва;striker2025@mail.ru;2025-08-20;Gold;601
M-1252;KaiserXx_6;Санкт-Петербург;kaiser6@mail.ru;2025-06-29;Silver;1178
M-1253;Specter_25;Санкт-Петербург;specter25@mail.ru;2026-01-17;Silver;164
M-1254;Hawk_68;Екатеринбург;;2025-06-29;Silver;270
M-1255;Hawk_86;Москва;hawk86@yandex.ru;2025-02-14;Platinum;80
M-1256;CyberKnight_393;Санкт-Петербург;cyberknight393@yandex.ru;2025-08-13;Bronze;533
M-1257;FrostXx_2;Новосибирск;frost2@mail.ru;2025-09-26;Bronze;2315
M-1258;Neo_448;Москва;neo448@yandex.ru;2025-03-15;Silver;142
M-1259;Blaze_59;Санкт-Петербург;blaze59@mail.ru;2025-05-27;Bronze;637
M-1260;Storm_12;Москва;storm12@mail.ru;2026-04-10;Bronze;144
M-1261;IronClad_2025;Казань;ironclad2025@mail.ru;2026-02-06;Bronze;136
M-1262;Zero_920;Екатеринбург;zero920@mail.ru;2025-10-29;Bronze;177
M-1263;Rogue_845;Москва;;2025-07-02;Silver;884
M-1264;IronClad_2026;Москва;ironclad2026@yandex.ru;2025-01-21;Gold;274
M-1265;Grizzly_32;Екатеринбург;;2025-04-17;Gold;320
M-1266;Echo_268;Санкт-Петербург;echo268@gmail.com;2025-05-14;Silver;872
M-1267;Omega_51;Санкт-Петербург;omega51@gmail.com;2026-04-05;Silver;319
M-1268;CyberKnight_204;Екатеринбург;;2026-03-12;Platinum;703
M-1269;CyberKnightXx_4;Санкт-Петербург;cyberknight4@inbox.ru;2026-02-14;Bronze;955
M-1270;BulletXx_9;Москва;;2025-07-21;Silver;67
M-1271;Cobra_168;Екатеринбург;cobra168@yandex.ru;2025-08-26;Silver;765
M-1272;Matrix_437;Санкт-Петербург;matrix437@yandex.ru;2025-11-30;Bronze;1286
M-1273;Falcon;Екатеринбург;falcon@gmail.com;2026-01-12;Bronze;550
M-1274;Shade_760;Москва;shade760@gmail.com;2025-06-05;Bronze;141
M-1275;Raven_2026;Екатеринбург;;2025-07-02;Silver;729
M-1276;Viper_2026;Санкт-Петербург;viper2026@mail.ru;2025-04-23;Silver;202
M-1277;Neo_55;Санкт-Петербург;neo55@mail.ru;2026-01-05;Bronze;684
M-1278;Matrix_70;Казань;matrix70@mail.ru;2025-07-23;Bronze;86
M-1279;Sniper_2026;Новосибирск;;2025-08-15;Bronze;1662
M-1280;SniperXx_6;Москва;sniper6@mail.ru;2025-01-20;Silver;358
M-1281;Sniper_2025;Екатеринбург;sniper2025@mail.ru;2025-07-27;Bronze;430
M-1282;Shade_2025;Санкт-Петербург;shade2025@mail.ru;2025-03-03;Silver;647
M-1283;Kaiser_410;Москва;kaiser410@gmail.com;2025-05-21;Gold;148
M-1284;Sniper_776;Санкт-Петербург;sniper776@mail.ru;2025-12-06;Silver;437
M-1285;Matrix_895;Новосибирск;matrix895@mail.ru;2025-07-26;Bronze;417
M-1286;Sniper_502;Екатеринбург;sniper502@inbox.ru;2025-06-18;Platinum;336
M-1287;Samurai_32;Казань;samurai32@yandex.ru;2025-03-18;Platinum;1184
M-1288;Zero_712;Москва;zero712@yandex.ru;2025-02-20;Bronze;162
M-1289;Rogue_2025;Санкт-Петербург;rogue2025@yandex.ru;2025-10-16;Silver;313
M-1290;NoobMaster_39;Екатеринбург;noobmaster39@yandex.ru;2025-09-14;Gold;459
M-1291;Frost;Москва;frost@yandex.ru;2025-12-22;Silver;286
M-1292;Reaper_44;Санкт-Петербург;reaper44@mail.ru;2025-12-23;Silver;1040
M-1293;CyberKnight_607;Москва;cyberknight607@yandex.ru;2025-05-30;Silver;313
M-1294;Turbo_552;Москва;turbo552@gmail.com;2025-04-04;Silver;54
M-1295;Ghost_844;Санкт-Петербург;ghost844@yandex.ru;2025-06-21;Platinum;315
M-1296;Vortex_97;Санкт-Петербург;vortex97@yandex.ru;2025-11-30;Platinum;134
M-1297;BlazeXx_9;Москва;blaze9@yandex.ru;2026-03-21;Silver;980
M-1298;Hawk_44;Москва;hawk44@yandex.ru;2026-02-15;Silver;709
M-1299;StrikerXx_3;Санкт-Петербург;striker3@yandex.ru;2025-02-21;Bronze;6
M-1300;Neo_480;Москва;neo480@gmail.com;2025-08-06;Bronze;1214
