session_id;member_id;pc_id;game_title;session_date;hours_played;discount_promo;total_paid;client_rating
2001;M-1102;PC-30;Dota 2;2026-02-13 10:45:00;2;0;800;
2002;M-1025;PC-31;Dota 2;2026-01-17 14:45:00;2;0;800;3.0
2003;M-1004;PC-26;Dota 2;2026-01-17 21:45:00;3;1;675;4.0
2004;M-1277;PC-06;Cyberpunk 2077;2026-02-24 21:00:00;2;0;300;2.0
2005;M-1190;PC-04;EA FC 24;2026-01-19 18:30:00;2;0;300;5.0
2006;M-1178;PC-27;Counter-Strike 2;2026-03-12 16:30:00;2;0;800;4.0
2007;M-1145;PC-32;Valorant;2026-03-01 18:00:00;6;1;2052;4.0
2008;M-1028;PC-22;Dota 2;2026-03-15 20:00:00;2;1;486;
2009;M-1244;PC-23;Cyberpunk 2077;2026-02-01 21:15:00;2;0;460;
2010;M-1137;PC-25;Counter-Strike 2;2026-01-17 19:00:00;3;0;750;
2011;;PC-06;Counter-Strike 2;2026-02-01 16:45:00;2;0;300;4.0
2012;M-1257;PC-23;Valorant;2026-04-11 18:45:00;3;1;621;
2013;M-1241;PC-15;GTA V;2026-02-15 14:45:00;2;0;260;4.0
2014;M-1234;PC-28;Dota 2;2026-04-09 21:30:00;5;0;2000;
2015;M-1206;PC-19;Counter-Strike 2;2026-02-07 13:30:00;2;0;500;3.0
2016;;PC-03;Dota 2;2026-02-25 14:45:00;3;0;510;5.0
2017;M-1054;PC-18;Dota 2;2026-01-18 12:45:00;3;1;675;5.0
2018;M-1160;PC-19;Valorant;2026-03-20 11:00:00;2;0;500;5.0
2019;;PC-27;Counter-Strike 2;2026-03-22 18:00:00;2;1;720;4.0
2020;M-1275;PC-24;Dota 2;2026-03-02 16:00:00;2;0;500;3.0
2021;M-1087;PC-18;Apex Legends;2026-04-04 19:30:00;1;0;250;3.0
2022;M-1047;PC-13;Valorant;2026-02-25 16:15:00;2;1;306;4.0
2023;M-1133;PC-31;Dota 2;2026-03-22 23:00:00;3;0;1200;4.0
2024;M-1008;PC-15;Apex Legends;2026-02-12 14:45:00;2;0;260;
2025;M-1181;PC-30;EA FC 24;2026-03-18 16:45:00;3;0;1200;4.0
2026;M-1287;PC-31;Counter-Strike 2;2026-04-07 21:30:00;3;0;1200;4.0
2027;M-1295;PC-11;Counter-Strike 2;2026-03-29 19:00:00;1;0;150;
2028;M-1006;PC-24;Dota 2;2026-02-13 18:15:00;3;0;750;
2029;M-1286;PC-05;Cyberpunk 2077;2026-04-10 16:15:00;5;0;750;
2030;M-1050;PC-21;EA FC 24;2026-03-10 12:00:00;4;0;1000;4.0
2031;M-1095;PC-10;Counter-Strike 2;2026-03-05 23:15:00;5;0;650;4.0
2032;M-1187;PC-11;Dota 2;2026-02-06 16:00:00;2;0;300;
2033;M-1224;PC-22;Counter-Strike 2;2026-02-03 17:00:00;2;0;540;4.0
2034;M-1294;PC-31;Dota 2;2026-03-18 17:15:00;5;0;2000;4.0
2035;M-1095;PC-16;GTA V;2026-03-21 17:15:00;2;0;300;
2036;M-1262;PC-03;Counter-Strike 2;2026-02-11 16:15:00;2;0;340;5.0
2037;M-1134;PC-06;Cyberpunk 2077;2026-03-15 14:00:00;3;0;450;4.0
2038;M-1109;PC-16;Dota 2;2026-01-27 21:30:00;6;0;900;5.0
2039;M-1136;PC-17;EA FC 24;2026-03-30 20:15:00;2;0;460;5.0
2040;M-1175;PC-26;Counter-Strike 2;2026-01-27 19:45:00;2;1;450;5.0
2041;M-1034;PC-07;Apex Legends;2026-03-25 20:00:00;6;0;900;5.0
2042;M-1245;PC-03;Cyberpunk 2077;2026-03-17 19:00:00;2;0;340;4.0
2043;M-1087;PC-19;Counter-Strike 2;2026-02-18 21:30:00;5;0;1250;3.0
2044;M-1103;PC-22;Dota 2;2026-02-27 19:15:00;2;0;540;5.0
2045;M-1297;PC-14;Apex Legends;2026-03-20 15:00:00;2;0;340;5.0
2046;M-1100;PC-14;Counter-Strike 2;2026-03-23 17:15:00;3;1;459;5.0
2047;M-1242;PC-13;Valorant;2026-02-13 21:45:00;2;0;340;5.0
2048;M-1139;PC-11;Apex Legends;2026-01-30 20:45:00;1;0;150;5.0
2049;M-1025;PC-31;Dota 2;2026-01-19 16:30:00;2;0;800;5.0
2050;M-1078;PC-07;Dota 2;2026-03-18 23:15:00;4;0;600;5.0
2051;M-1045;PC-21;Counter-Strike 2;2026-04-10 15:00:00;3;1;675;
2052;M-1122;PC-22;Dota 2;2026-03-07 21:15:00;5;0;1350;4.0
2053;M-1117;PC-23;Valorant;2026-01-23 20:45:00;3;0;690;5.0
2054;M-1174;PC-04;Counter-Strike 2;2026-01-30 12:00:00;1;1;135;5.0
2055;M-1078;PC-23;Apex Legends;2026-03-27 16:30:00;2;1;414;5.0
2056;M-1280;PC-16;Apex Legends;2026-03-11 17:30:00;2;1;270;5.0
2057;;PC-15;Apex Legends;2026-03-06 18:30:00;3;0;390;5.0
2058;M-1091;PC-13;Apex Legends;2026-03-03 18:15:00;3;0;510;2.0
2059;M-1230;PC-04;Cyberpunk 2077;2026-01-29 15:00:00;1;0;150;4.0
2060;M-1041;PC-04;GTA V;2026-03-24 18:15:00;6;0;900;4.0
2061;M-1063;PC-11;Apex Legends;2026-03-16 15:30:00;2;0;300;5.0
2062;M-1242;PC-21;Dota 2;2026-04-03 16:45:00;1;1;225;5.0
2063;M-1117;PC-09;Counter-Strike 2;2026-03-15 20:00:00;2;0;300;4.0
2064;M-1132;PC-12;Dota 2;2026-03-26 16:15:00;2;0;300;4.0
2065;M-1061;PC-10;Apex Legends;2026-02-01 21:45:00;2;0;260;4.0
2066;;PC-09;Counter-Strike 2;2026-02-25 16:00:00;3;0;450;5.0
2067;M-1208;PC-24;Counter-Strike 2;2026-02-08 17:45:00;4;1;900;5.0
2068;M-1039;PC-27;Dota 2;2026-01-19 15:15:00;5;0;2000;5.0
2069;M-1035;PC-07;Counter-Strike 2;2026-02-28 17:45:00;1;0;150;5.0
2070;M-1035;PC-21;Counter-Strike 2;2026-02-05 13:00:00;3;0;750;4.0
2071;M-1062;PC-13;Counter-Strike 2;2026-03-09 14:30:00;6;0;1020;
2072;M-1261;PC-25;Counter-Strike 2;2026-04-11 17:30:00;2;0;500;4.0
2073;M-1122;PC-06;Cyberpunk 2077;2026-04-02 14:30:00;5;0;750;3.0
2074;;PC-20;Counter-Strike 2;2026-03-19 16:30:00;3;0;750;4.0
2075;M-1005;PC-32;Counter-Strike 2;2026-01-18 19:45:00;3;0;1140;5.0
2076;M-1234;PC-18;Dota 2;2026-03-21 17:30:00;2;0;500;2.0
2077;M-1108;PC-07;Counter-Strike 2;2026-02-23 16:15:00;1;1;135;
2078;;PC-14;Dota 2;2026-02-17 18:00:00;5;0;850;4.0
2079;M-1113;PC-32;Valorant;2026-02-08 14:30:00;2;1;684;4.0
2080;M-1116;PC-01;Apex Legends;2026-03-15 20:30:00;2;0;260;4.0
2081;M-1241;PC-03;Baldur's Gate 3;2026-03-24 20:45:00;6;0;1020;4.0
2082;M-1280;PC-23;Counter-Strike 2;2026-01-19 15:15:00;2;0;460;3.0
2083;M-1097;PC-11;Dota 2;2026-02-21 15:00:00;1;0;150;
2084;M-1270;PC-10;Counter-Strike 2;2026-03-19 15:30:00;2;0;260;3.0
2085;M-1213;PC-21;Cyberpunk 2077;2026-02-28 18:15:00;3;1;675;4.0
2086;M-1070;PC-24;Apex Legends;2026-02-05 15:30:00;4;0;1000;4.0
2087;M-1238;PC-27;GTA V;2026-03-24 17:15:00;2;0;800;2.0
2088;M-1232;PC-31;Dota 2;2026-03-04 17:00:00;2;1;720;5.0
2089;M-1134;PC-17;Counter-Strike 2;2026-01-24 18:15:00;3;1;621;5.0
2090;M-1204;PC-13;Dota 2;2026-02-17 23:45:00;2;1;306;4.0
2091;M-1149;PC-17;Apex Legends;2026-04-13 18:30:00;2;0;460;4.0
2092;M-1226;PC-17;Valorant;2026-02-15 18:00:00;2;0;460;4.0
2093;M-1135;PC-02;Dota 2;2026-01-28 17:15:00;4;0;680;
2094;M-1106;PC-15;GTA V;2026-04-10 18:30:00;3;0;390;4.0
2095;;PC-23;GTA V;2026-02-18 16:30:00;2;0;460;5.0
2096;M-1089;PC-13;Dota 2;2026-02-24 15:00:00;2;1;306;4.0
2097;M-1033;PC-16;Valorant;2026-04-04 18:45:00;2;0;300;5.0
2098;M-1073;PC-09;Cyberpunk 2077;2026-02-03 19:30:00;2;1;270;4.0
2099;M-1226;PC-15;Valorant;2026-01-31 14:45:00;4;0;520;
2100;M-1073;PC-11;Counter-Strike 2;2026-01-27 16:30:00;3;0;450;
2101;M-1166;PC-14;Dota 2;2026-02-13 17:15:00;3;0;510;4.0
2102;M-1196;PC-15;GTA V;2026-02-25 18:45:00;3;0;390;
2103;M-1070;PC-13;Dota 2;2026-02-24 20:30:00;2;0;340;5.0
2104;M-1021;PC-04;Counter-Strike 2;2026-03-31 15:45:00;2;0;300;4.0
2105;M-1264;PC-28;Counter-Strike 2;2026-02-11 16:15:00;2;0;800;4.0
2106;M-1167;PC-30;Counter-Strike 2;2026-03-06 17:15:00;2;0;800;4.0
2107;M-1158;PC-04;Valorant;2026-02-19 17:30:00;1;0;150;
2108;M-1132;PC-15;Dota 2;2026-01-15 10:45:00;3;0;390;
2109;M-1139;PC-24;Dota 2;2026-03-24 15:45:00;2;0;500;4.0
2110;M-1142;PC-29;Apex Legends;2026-01-27 22:15:00;2;0;760;4.0
2111;M-1065;PC-29;Baldur's Gate 3;2026-02-21 18:45:00;2;0;760;5.0
2112;M-1145;PC-06;Apex Legends;2026-01-17 13:30:00;3;1;405;4.0
2113;M-1265;PC-21;Counter-Strike 2;2026-01-15 11:00:00;2;0;500;
2114;;PC-14;Counter-Strike 2;2026-03-26 12:00:00;3;0;510;5.0
2115;M-1296;PC-29;Counter-Strike 2;2026-02-17 19:15:00;2;0;760;4.0
2116;M-1170;PC-07;Baldur's Gate 3;2026-03-14 20:15:00;2;0;300;3.0
2117;M-1163;PC-05;Counter-Strike 2;2026-03-10 19:45:00;2;0;300;4.0
2118;M-1049;PC-29;Dota 2;2026-03-30 18:45:00;6;0;2280;3.0
2119;M-1204;PC-15;Cyberpunk 2077;2026-03-22 10:15:00;1;0;130;4.0
2120;M-1295;PC-27;Counter-Strike 2;2026-03-18 21:45:00;3;0;1200;4.0
2121;M-1251;PC-13;Counter-Strike 2;2026-01-20 11:30:00;2;1;306;4.0
2122;M-1224;PC-16;Apex Legends;2026-02-20 19:45:00;4;0;600;5.0
2123;M-1005;PC-27;Counter-Strike 2;2026-03-24 14:45:00;1;0;400;4.0
2124;M-1157;PC-11;Dota 2;2026-03-29 20:45:00;3;0;450;3.0
2125;M-1151;PC-06;Apex Legends;2026-01-24 11:30:00;2;0;300;1.0
2126;M-1201;PC-29;Counter-Strike 2;2026-02-16 11:45:00;1;0;380;3.0
2127;M-1270;PC-02;Cyberpunk 2077;2026-03-04 21:30:00;2;1;306;
2128;;PC-27;EA FC 24;2026-02-15 18:45:00;3;0;1200;2.0
2129;M-1018;PC-32;Valorant;2026-04-01 13:45:00;1;0;380;5.0
2130;;PC-14;Counter-Strike 2;2026-03-24 19:15:00;2;0;340;
2131;M-1214;PC-27;Valorant;2026-03-11 19:15:00;2;1;720;4.0
2132;;PC-09;Valorant;2026-03-01 14:45:00;2;0;300;4.0
2133;M-1200;PC-08;Cyberpunk 2077;2026-02-13 16:15:00;2;0;300;3.0
2134;M-1191;PC-25;Baldur's Gate 3;2026-04-13 16:30:00;3;0;750;3.0
2135;M-1176;PC-07;Counter-Strike 2;2026-03-10 18:15:00;3;1;405;5.0
2136;M-1178;PC-01;Counter-Strike 2;2026-03-16 21:15:00;3;0;390;
2137;M-1236;PC-32;Counter-Strike 2;2026-03-21 18:00:00;2;0;760;2.0
2138;M-1213;PC-23;Counter-Strike 2;2026-04-02 17:30:00;4;0;920;
2139;M-1078;PC-02;Counter-Strike 2;2026-01-26 20:45:00;1;1;153;5.0
2140;M-1131;PC-14;Counter-Strike 2;2026-03-05 13:30:00;2;0;340;3.0
2141;M-1106;PC-09;GTA V;2026-01-24 18:15:00;3;0;450;4.0
2142;M-1213;PC-16;Cyberpunk 2077;2026-03-26 20:30:00;2;0;300;4.0
2143;M-1125;PC-24;Counter-Strike 2;2026-02-22 15:30:00;4;1;900;5.0
2144;;PC-09;Cyberpunk 2077;2026-02-03 13:45:00;1;0;150;
2145;M-1090;PC-20;Cyberpunk 2077;2026-01-18 15:00:00;2;0;500;5.0
2146;M-1029;PC-07;EA FC 24;2026-04-04 18:45:00;4;0;600;
2147;M-1113;PC-08;Dota 2;2026-03-31 21:15:00;1;0;150;3.0
2148;M-1014;PC-17;Counter-Strike 2;2026-02-05 19:45:00;1;0;230;5.0
2149;M-1128;PC-30;Cyberpunk 2077;2026-01-22 21:00:00;2;0;800;
2150;M-1189;PC-19;Counter-Strike 2;2026-02-18 19:00:00;2;0;500;4.0
2151;M-1091;PC-09;Counter-Strike 2;2026-03-03 20:00:00;3;0;450;3.0
2152;M-1060;PC-24;EA FC 24;2026-01-27 16:30:00;3;0;750;5.0
2153;M-1241;PC-16;Valorant;2026-03-21 15:00:00;3;0;450;4.0
2154;M-1059;PC-14;Valorant;2026-01-16 18:30:00;2;1;306;5.0
2155;;PC-13;Counter-Strike 2;2026-03-02 14:00:00;2;0;340;3.0
2156;M-1153;PC-14;Counter-Strike 2;2026-01-25 20:15:00;2;0;340;4.0
2157;M-1079;PC-12;Counter-Strike 2;2026-04-08 23:00:00;1;1;135;5.0
2158;M-1060;PC-23;Counter-Strike 2;2026-01-30 17:00:00;2;0;460;2.0
2159;M-1113;PC-16;Counter-Strike 2;2026-03-07 19:00:00;3;1;405;4.0
2160;M-1148;PC-04;Dota 2;2026-03-29 13:15:00;4;0;600;3.0
2161;M-1125;PC-23;Cyberpunk 2077;2026-03-19 13:00:00;2;0;460;4.0
2162;M-1052;PC-23;Dota 2;2026-01-29 17:15:00;3;1;621;
2163;;PC-11;Counter-Strike 2;2026-02-14 16:15:00;5;1;675;5.0
2164;M-1003;PC-26;Dota 2;2026-03-15 19:30:00;2;0;500;4.0
2165;M-1021;PC-27;Apex Legends;2026-02-28 10:30:00;3;0;1200;5.0
2166;M-1257;PC-18;Dota 2;2026-03-09 18:45:00;1;0;250;5.0
2167;M-1269;PC-12;Dota 2;2026-04-08 19:15:00;3;0;450;5.0
2168;M-1107;PC-20;Counter-Strike 2;2026-02-04 10:30:00;4;0;1000;5.0
2169;M-1024;PC-17;Apex Legends;2026-02-19 19:30:00;2;1;414;
2170;M-1214;PC-32;Valorant;2026-03-07 16:30:00;4;0;1520;4.0
2171;M-1094;PC-15;Valorant;2026-03-01 20:00:00;2;0;260;
2172;M-1156;PC-09;Counter-Strike 2;2026-01-25 16:00:00;3;0;450;4.0
2173;M-1284;PC-05;Counter-Strike 2;2026-03-29 15:30:00;1;0;150;1.0
2174;M-1079;PC-14;Valorant;2026-01-28 17:15:00;2;0;340;5.0
2175;M-1009;PC-25;Dota 2;2026-04-01 19:45:00;4;0;1000;5.0
2176;M-1058;PC-14;Counter-Strike 2;2026-02-08 16:15:00;3;0;510;5.0
2177;;PC-06;Dota 2;2026-03-02 17:45:00;3;1;405;5.0
2178;M-1208;PC-02;Valorant;2026-04-13 23:30:00;1;0;170;5.0
2179;M-1286;PC-15;Dota 2;2026-03-31 10:30:00;3;0;390;5.0
2180;M-1068;PC-01;Counter-Strike 2;2026-02-17 15:00:00;3;0;390;5.0
2181;M-1207;PC-04;Cyberpunk 2077;2026-03-01 20:15:00;3;0;450;4.0
2182;;PC-10;Counter-Strike 2;2026-04-08 16:30:00;1;1;117;4.0
2183;M-1172;PC-22;Apex Legends;2026-03-29 18:15:00;3;0;810;
2184;M-1060;PC-02;Counter-Strike 2;2026-03-02 14:00:00;6;0;1020;
2185;M-1272;PC-11;Counter-Strike 2;2026-01-25 18:45:00;3;0;450;5.0
2186;;PC-16;Counter-Strike 2;2026-01-26 17:30:00;1;0;150;5.0
2187;M-1127;PC-23;Counter-Strike 2;2026-01-20 17:45:00;2;0;460;
2188;M-1034;PC-18;GTA V;2026-02-01 18:15:00;4;1;900;5.0
2189;M-1147;PC-31;Dota 2;2026-04-13 16:45:00;3;1;1080;5.0
2190;M-1078;PC-18;Valorant;2026-01-18 15:45:00;2;0;500;
2191;M-1254;PC-16;Valorant;2026-04-07 20:00:00;2;0;300;5.0
2192;M-1163;PC-03;Dota 2;2026-01-31 21:30:00;4;0;680;4.0
2193;M-1079;PC-14;Counter-Strike 2;2026-03-30 12:45:00;2;0;340;5.0
2194;M-1138;PC-21;Apex Legends;2026-03-13 14:45:00;4;0;1000;4.0
2195;M-1023;PC-24;EA FC 24;2026-03-22 13:30:00;6;1;1350;
2196;;PC-03;Counter-Strike 2;2026-04-11 16:30:00;2;0;340;4.0
2197;M-1151;PC-07;PUBG;2026-02-14 13:30:00;4;0;600;5.0
2198;M-1100;PC-11;Counter-Strike 2;2026-02-17 18:15:00;2;1;270;4.0
2199;M-1032;PC-20;Cyberpunk 2077;2026-03-04 19:30:00;3;1;675;5.0
2200;M-1283;PC-14;EA FC 24;2026-01-29 15:30:00;3;1;459;4.0
2201;M-1052;PC-25;Valorant;2026-03-10 18:45:00;2;0;500;
2202;;PC-13;Counter-Strike 2;2026-03-01 22:30:00;2;0;340;4.0
2203;;PC-04;Apex Legends;2026-02-09 21:45:00;2;1;270;5.0
2204;M-1160;PC-29;Dota 2;2026-02-07 16:00:00;3;0;1140;4.0
2205;M-1145;PC-18;Dota 2;2026-03-25 18:00:00;2;0;500;
2206;M-1213;PC-14;Apex Legends;2026-03-11 16:00:00;1;1;153;4.0
2207;M-1160;PC-29;Cyberpunk 2077;2026-03-13 19:30:00;2;1;684;4.0
2208;;PC-11;Dota 2;2026-01-28 21:15:00;1;0;150;4.0
2209;M-1048;PC-20;EA FC 24;2026-02-06 22:45:00;2;0;500;
2210;M-1087;PC-22;Apex Legends;2026-04-07 15:15:00;4;0;1080;3.0
2211;;PC-19;GTA V;2026-03-18 18:00:00;2;0;500;4.0
2212;;PC-32;Counter-Strike 2;2026-02-21 17:00:00;2;0;760;
2213;M-1054;PC-22;EA FC 24;2026-03-27 14:00:00;1;0;270;4.0
2214;M-1246;PC-12;Dota 2;2026-04-10 22:30:00;2;0;300;4.0
2215;M-1151;PC-20;Baldur's Gate 3;2026-02-05 19:45:00;2;0;500;
2216;M-1033;PC-06;Counter-Strike 2;2026-01-23 21:45:00;2;0;300;5.0
2217;;PC-27;Cyberpunk 2077;2026-04-11 16:15:00;3;0;1200;4.0
2218;M-1064;PC-02;EA FC 24;2026-01-27 22:30:00;1;0;170;4.0
2219;M-1195;PC-29;Counter-Strike 2;2026-04-04 18:45:00;3;0;1140;4.0
2220;M-1088;PC-19;Cyberpunk 2077;2026-03-14 19:45:00;4;0;1000;5.0
2221;M-1007;PC-19;Cyberpunk 2077;2026-03-19 16:15:00;2;1;450;4.0
2222;M-1183;PC-09;GTA V;2026-03-14 19:00:00;2;0;300;4.0
2223;M-1052;PC-06;Dota 2;2026-03-23 18:00:00;4;1;540;4.0
2224;M-1139;PC-13;Apex Legends;2026-01-17 16:30:00;3;0;510;4.0
2225;M-1117;PC-23;Counter-Strike 2;2026-01-16 14:30:00;5;0;1150;
2226;M-1269;PC-09;Dota 2;2026-02-26 14:30:00;2;0;300;4.0
2227;;PC-15;EA FC 24;2026-02-22 17:30:00;5;0;650;4.0
2228;;PC-20;Counter-Strike 2;2026-03-24 15:00:00;3;0;750;5.0
2229;M-1151;PC-27;Valorant;2026-04-06 14:45:00;3;0;1200;5.0
2230;M-1202;PC-02;Dota 2;2026-03-25 19:45:00;2;0;340;1.0
2231;;PC-27;Counter-Strike 2;2026-04-09 14:30:00;2;1;720;5.0
2232;M-1060;PC-19;Dota 2;2026-02-04 19:15:00;4;1;900;
2233;;PC-14;Valorant;2026-02-18 17:15:00;2;0;340;4.0
2234;M-1249;PC-23;Valorant;2026-02-27 17:00:00;6;0;1380;5.0
2235;M-1259;PC-14;Dota 2;2026-03-10 21:00:00;1;0;170;4.0
2236;M-1012;PC-03;Counter-Strike 2;2026-02-20 19:15:00;5;0;850;
2237;M-1101;PC-29;Dota 2;2026-04-05 20:45:00;1;0;380;
2238;M-1050;PC-23;Dota 2;2026-02-20 14:00:00;2;0;460;4.0
2239;M-1270;PC-26;Counter-Strike 2;2026-02-03 16:00:00;3;0;750;2.0
2240;M-1064;PC-23;Counter-Strike 2;2026-03-13 18:15:00;5;0;1150;
2241;;PC-06;Cyberpunk 2077;2026-03-06 17:30:00;1;0;150;4.0
2242;M-1177;PC-08;Apex Legends;2026-04-05 12:15:00;1;0;150;3.0
2243;;PC-03;Valorant;2026-01-15 18:15:00;5;0;850;4.0
2244;M-1205;PC-21;Dota 2;2026-01-18 20:45:00;2;1;450;4.0
2245;M-1121;PC-05;Dota 2;2026-02-28 17:00:00;2;0;300;4.0
2246;M-1281;PC-25;Dota 2;2026-02-18 18:15:00;2;0;500;
2247;M-1168;PC-32;PUBG;2026-01-17 18:15:00;1;0;380;5.0
2248;M-1191;PC-15;Counter-Strike 2;2026-01-16 14:00:00;4;0;520;4.0
2249;;PC-28;Apex Legends;2026-03-17 14:45:00;1;0;400;4.0
2250;M-1225;PC-29;Apex Legends;2026-04-08 14:00:00;2;0;760;5.0
2251;M-1078;PC-32;Counter-Strike 2;2026-02-12 14:30:00;4;1;1368;4.0
2252;;PC-02;Dota 2;2026-03-19 10:15:00;4;0;680;4.0
2253;M-1137;PC-01;Counter-Strike 2;2026-02-18 16:15:00;6;0;780;3.0
2254;M-1204;PC-29;Dota 2;2026-02-14 19:00:00;3;0;1140;4.0
2255;M-1299;PC-16;Cyberpunk 2077;2026-03-12 18:00:00;2;0;300;4.0
2256;;PC-11;Counter-Strike 2;2026-04-09 17:45:00;2;0;300;
2257;M-1127;PC-13;Cyberpunk 2077;2026-03-03 15:00:00;1;0;170;
2258;M-1226;PC-08;GTA V;2026-03-05 18:15:00;1;0;150;5.0
2259;M-1032;PC-03;Dota 2;2026-02-06 11:00:00;2;1;306;3.0
2260;M-1130;PC-22;Counter-Strike 2;2026-02-18 16:45:00;4;0;1080;3.0
2261;M-1191;PC-09;Counter-Strike 2;2026-01-23 17:15:00;2;1;270;2.0
2262;M-1124;PC-27;Dota 2;2026-03-09 18:00:00;2;0;800;
2263;M-1146;PC-12;Dota 2;2026-03-22 19:15:00;5;0;750;
2264;M-1242;PC-25;Counter-Strike 2;2026-01-16 19:45:00;4;0;1000;4.0
2265;M-1238;PC-04;Dota 2;2026-01-31 20:00:00;2;0;300;4.0
2266;M-1143;PC-30;PUBG;2026-03-12 21:30:00;3;0;1200;5.0
2267;M-1207;PC-32;Counter-Strike 2;2026-04-09 14:00:00;1;0;380;4.0
2268;;PC-14;GTA V;2026-04-02 20:15:00;1;0;170;4.0
2269;;PC-22;Dota 2;2026-03-22 19:15:00;2;0;540;5.0
2270;M-1084;PC-26;GTA V;2026-03-23 14:30:00;2;0;500;4.0
2271;M-1112;PC-25;Dota 2;2026-03-07 14:30:00;4;0;1000;
2272;M-1005;PC-08;Dota 2;2026-01-17 15:15:00;3;0;450;3.0
2273;M-1220;PC-25;Valorant;2026-03-10 14:30:00;2;0;500;3.0
2274;M-1259;PC-24;GTA V;2026-02-18 19:15:00;2;0;500;4.0
2275;M-1219;PC-09;Counter-Strike 2;2026-02-16 16:30:00;3;1;405;5.0
2276;M-1019;PC-29;GTA V;2026-04-14 16:00:00;1;0;380;4.0
2277;M-1178;PC-17;Counter-Strike 2;2026-01-17 19:00:00;2;0;460;3.0
2278;M-1195;PC-12;Counter-Strike 2;2026-03-01 18:00:00;2;0;300;5.0
2279;M-1104;PC-25;Valorant;2026-02-03 21:45:00;2;0;500;5.0
2280;;PC-08;Baldur's Gate 3;2026-02-16 17:15:00;3;0;450;5.0
2281;M-1283;PC-03;Dota 2;2026-02-13 16:45:00;5;0;850;4.0
2282;;PC-30;Counter-Strike 2;2026-04-11 21:45:00;2;0;800;3.0
2283;M-1075;PC-16;Cyberpunk 2077;2026-03-31 17:15:00;2;1;270;2.0
2284;M-1219;PC-20;GTA V;2026-01-24 18:15:00;2;0;500;3.0
2285;M-1024;PC-11;Apex Legends;2026-01-19 14:15:00;2;0;300;
2286;M-1237;PC-19;Counter-Strike 2;2026-04-03 23:15:00;3;0;750;4.0
2287;M-1165;PC-08;Dota 2;2026-02-10 19:15:00;2;0;300;4.0
2288;M-1285;PC-19;Counter-Strike 2;2026-03-23 16:30:00;3;0;750;4.0
2289;M-1187;PC-20;Counter-Strike 2;2026-03-13 13:30:00;3;0;750;4.0
2290;M-1052;PC-19;EA FC 24;2026-03-08 21:45:00;1;1;225;4.0
2291;M-1010;PC-13;Cyberpunk 2077;2026-02-10 18:15:00;5;0;850;5.0
2292;M-1079;PC-25;Apex Legends;2026-03-29 16:30:00;5;0;1250;4.0
2293;M-1037;PC-06;Dota 2;2026-04-11 20:30:00;2;0;300;3.0
2294;M-1031;PC-27;Baldur's Gate 3;2026-02-06 18:00:00;2;0;800;
2295;M-1117;PC-29;EA FC 24;2026-03-16 16:00:00;1;0;380;1.0
2296;;PC-14;Cyberpunk 2077;2026-04-06 12:30:00;1;0;170;4.0
2297;M-1167;PC-05;Apex Legends;2026-04-11 13:15:00;2;0;300;
2298;M-1008;PC-27;Dota 2;2026-03-22 19:00:00;1;0;400;1.0
2299;M-1236;PC-27;Dota 2;2026-04-08 19:00:00;2;0;800;4.0
2300;M-1072;PC-15;GTA V;2026-03-27 19:00:00;1;0;130;
2301;M-1267;PC-14;Dota 2;2026-02-15 15:45:00;2;0;340;3.0
2302;M-1176;PC-05;Dota 2;2026-04-03 21:30:00;2;0;300;3.0
2303;;PC-04;Dota 2;2026-03-29 14:15:00;4;0;600;5.0
2304;;PC-06;Counter-Strike 2;2026-01-30 16:45:00;4;0;600;5.0
2305;M-1187;PC-26;Counter-Strike 2;2026-01-16 13:15:00;5;0;1250;2.0
2306;M-1149;PC-08;Counter-Strike 2;2026-04-10 18:00:00;2;0;300;
2307;M-1262;PC-10;Apex Legends;2026-04-01 19:30:00;2;0;260;4.0
2308;M-1136;PC-20;Dota 2;2026-02-09 13:30:00;1;1;225;
2309;M-1077;PC-32;Counter-Strike 2;2026-03-19 17:30:00;1;0;380;3.0
2310;M-1168;PC-22;Apex Legends;2026-03-02 18:30:00;1;0;270;
2311;M-1176;PC-18;Valorant;2026-02-04 17:30:00;4;1;900;3.0
2312;M-1027;PC-18;Counter-Strike 2;2026-02-01 19:45:00;2;1;450;5.0
2313;M-1141;PC-27;Counter-Strike 2;2026-02-12 18:15:00;2;0;800;
2314;M-1156;PC-21;Counter-Strike 2;2026-03-15 16:15:00;2;0;500;5.0
2315;;PC-06;GTA V;2026-03-29 19:00:00;2;1;270;
2316;M-1231;PC-11;Valorant;2026-03-02 15:00:00;2;0;300;
2317;M-1218;PC-14;Apex Legends;2026-04-02 16:15:00;2;1;306;4.0
2318;;PC-22;EA FC 24;2026-02-13 19:30:00;2;0;540;4.0
2319;M-1211;PC-16;Counter-Strike 2;2026-02-10 13:00:00;1;0;150;4.0
2320;M-1283;PC-11;Dota 2;2026-03-24 21:00:00;2;0;300;5.0
2321;M-1241;PC-13;Apex Legends;2026-02-15 15:00:00;5;0;850;5.0
2322;M-1086;PC-12;Counter-Strike 2;2026-03-23 18:30:00;1;0;150;
2323;M-1184;PC-29;Dota 2;2026-03-07 17:00:00;2;0;760;4.0
2324;M-1011;PC-28;Cyberpunk 2077;2026-03-12 19:30:00;2;0;800;5.0
2325;M-1177;PC-24;Apex Legends;2026-04-12 17:45:00;3;0;750;4.0
2326;M-1183;PC-16;Baldur's Gate 3;2026-03-19 19:00:00;2;0;300;5.0
2327;;PC-24;Dota 2;2026-01-22 17:00:00;3;0;750;4.0
2328;;PC-21;Dota 2;2026-02-22 18:15:00;3;1;675;4.0
2329;M-1022;PC-23;Counter-Strike 2;2026-02-22 23:30:00;4;1;828;
2330;M-1253;PC-04;Counter-Strike 2;2026-01-26 17:45:00;2;0;300;4.0
2331;M-1106;PC-27;Dota 2;2026-04-02 22:00:00;1;0;400;2.0
2332;M-1067;PC-29;Counter-Strike 2;2026-03-21 18:00:00;2;0;760;4.0
2333;M-1043;PC-04;Dota 2;2026-04-05 16:00:00;2;0;300;5.0
2334;M-1256;PC-19;Valorant;2026-04-03 14:15:00;3;0;750;5.0
2335;M-1050;PC-21;Valorant;2026-04-07 20:45:00;1;0;250;4.0
2336;M-1241;PC-10;Counter-Strike 2;2026-02-25 18:30:00;2;0;260;4.0
2337;M-1047;PC-31;Valorant;2026-03-02 15:30:00;2;0;800;3.0
2338;;PC-13;Dota 2;2026-01-19 15:45:00;6;1;918;4.0
2339;M-1204;PC-08;Counter-Strike 2;2026-02-09 17:45:00;3;0;450;4.0
2340;M-1098;PC-28;Counter-Strike 2;2026-03-21 12:45:00;5;0;2000;5.0
2341;M-1243;PC-05;Valorant;2026-01-24 15:15:00;2;0;300;5.0
2342;;PC-23;Dota 2;2026-03-09 19:00:00;3;0;690;
2343;;PC-12;Apex Legends;2026-01-15 19:00:00;4;1;540;4.0
2344;M-1103;PC-11;GTA V;2026-04-04 16:00:00;2;0;300;4.0
2345;M-1034;PC-32;Counter-Strike 2;2026-02-11 20:00:00;4;0;1520;3.0
2346;;PC-15;Counter-Strike 2;2026-03-05 13:45:00;3;0;390;5.0
2347;M-1076;PC-10;Counter-Strike 2;2026-03-13 14:45:00;1;0;130;5.0
2348;M-1214;PC-13;Dota 2;2026-02-08 17:30:00;3;0;510;5.0
2349;;PC-25;Cyberpunk 2077;2026-03-22 18:45:00;1;0;250;
2350;M-1257;PC-21;EA FC 24;2026-02-23 17:15:00;6;1;1350;5.0
2351;M-1233;PC-06;Apex Legends;2026-03-26 15:45:00;2;1;270;4.0
2352;M-1296;PC-13;Dota 2;2026-04-12 16:00:00;1;0;170;
2353;M-1013;PC-30;Cyberpunk 2077;2026-02-19 17:15:00;1;0;400;4.0
2354;M-1004;PC-17;Dota 2;2026-02-14 14:00:00;1;0;230;3.0
2355;M-1112;PC-25;Apex Legends;2026-01-17 16:15:00;1;0;250;
2356;M-1260;PC-21;Counter-Strike 2;2026-02-17 10:45:00;2;1;450;5.0
2357;M-1056;PC-12;Dota 2;2026-03-01 11:30:00;2;1;270;2.0
2358;M-1170;PC-19;Dota 2;2026-01-23 18:45:00;2;0;500;
2359;M-1243;PC-10;Cyberpunk 2077;2026-02-13 20:45:00;2;1;234;
2360;;PC-09;Valorant;2026-04-11 18:00:00;3;0;450;5.0
2361;M-1022;PC-06;Dota 2;2026-03-27 19:15:00;2;0;300;5.0
2362;;PC-07;Counter-Strike 2;2026-02-05 17:45:00;3;1;405;2.0
2363;M-1131;PC-20;Baldur's Gate 3;2026-02-20 22:45:00;1;0;250;4.0
2364;M-1054;PC-18;Valorant;2026-03-01 12:00:00;3;0;750;
2365;M-1027;PC-32;Dota 2;2026-03-25 18:00:00;4;1;1368;5.0
2366;M-1088;PC-05;GTA V;2026-04-14 17:00:00;2;0;300;5.0
2367;M-1017;PC-06;Apex Legends;2026-03-12 20:45:00;4;1;540;4.0
2368;M-1088;PC-23;GTA V;2026-02-10 14:15:00;5;0;1150;2.0
2369;M-1220;PC-18;GTA V;2026-01-24 19:15:00;2;0;500;
2370;M-1107;PC-10;Apex Legends;2026-01-16 18:00:00;3;0;390;3.0
2371;M-1026;PC-20;Counter-Strike 2;2026-03-16 21:15:00;2;0;500;5.0
2372;M-1264;PC-31;Dota 2;2026-03-02 18:30:00;2;1;720;5.0
2373;M-1251;PC-04;Valorant;2026-03-03 13:45:00;6;1;810;4.0
2374;M-1010;PC-31;Dota 2;2026-03-04 10:15:00;2;0;800;5.0
2375;M-1223;PC-29;Apex Legends;2026-02-04 16:00:00;3;1;1026;5.0
2376;;PC-01;Valorant;2026-04-10 16:30:00;1;1;117;5.0
2377;M-1293;PC-24;GTA V;2026-02-14 12:30:00;3;0;750;
2378;M-1067;PC-11;Counter-Strike 2;2026-03-09 20:30:00;3;1;405;3.0
2379;M-1104;PC-28;Valorant;2026-02-21 14:45:00;4;1;1440;5.0
2380;M-1084;PC-16;Dota 2;2026-01-28 18:15:00;2;1;270;4.0
2381;M-1165;PC-27;Counter-Strike 2;2026-02-27 17:00:00;2;0;800;5.0
2382;M-1254;PC-07;Dota 2;2026-02-25 16:15:00;2;0;300;
2383;M-1116;PC-19;Dota 2;2026-04-02 16:30:00;6;0;1500;
2384;M-1258;PC-08;Counter-Strike 2;2026-02-23 19:00:00;5;0;750;4.0
2385;;PC-15;Dota 2;2026-02-28 10:15:00;2;0;260;4.0
2386;M-1186;PC-01;Cyberpunk 2077;2026-04-03 17:00:00;1;0;130;
2387;M-1129;PC-30;Counter-Strike 2;2026-03-27 20:00:00;2;0;800;
2388;M-1207;PC-19;Dota 2;2026-01-24 15:30:00;3;1;675;4.0
2389;M-1281;PC-22;Valorant;2026-03-04 18:45:00;1;0;270;5.0
2390;M-1243;PC-11;GTA V;2026-01-22 12:15:00;3;0;450;4.0
2391;M-1139;PC-30;EA FC 24;2026-02-05 18:00:00;2;0;800;4.0
2392;M-1001;PC-05;Dota 2;2026-02-21 16:45:00;2;0;300;5.0
2393;M-1019;PC-03;Valorant;2026-02-08 19:45:00;3;0;510;5.0
2394;M-1109;PC-22;Counter-Strike 2;2026-01-22 19:30:00;4;0;1080;5.0
2395;;PC-04;Valorant;2026-02-11 14:30:00;3;0;450;5.0
2396;;PC-13;Counter-Strike 2;2026-03-03 21:30:00;5;0;850;4.0
2397;M-1282;PC-16;Cyberpunk 2077;2026-02-08 16:45:00;3;0;450;4.0
2398;M-1097;PC-16;EA FC 24;2026-02-06 19:00:00;2;1;270;5.0
2399;M-1300;PC-05;Valorant;2026-02-25 21:15:00;3;0;450;5.0
2400;M-1250;PC-31;Valorant;2026-01-22 12:30:00;2;0;800;
2401;M-1274;PC-26;Counter-Strike 2;2026-04-02 16:15:00;4;0;1000;3.0
2402;M-1045;PC-30;Dota 2;2026-03-09 13:15:00;2;0;800;5.0
2403;;PC-31;Apex Legends;2026-04-01 17:45:00;1;0;400;5.0
2404;M-1255;PC-19;EA FC 24;2026-03-03 20:45:00;2;0;500;3.0
2405;M-1189;PC-11;Cyberpunk 2077;2026-04-14 17:45:00;6;0;900;5.0
2406;M-1243;PC-18;Apex Legends;2026-03-11 21:15:00;4;0;1000;5.0
2407;;PC-15;Dota 2;2026-03-25 14:45:00;3;0;390;4.0
2408;;PC-20;Counter-Strike 2;2026-02-19 17:00:00;1;0;250;5.0
2409;M-1013;PC-19;Cyberpunk 2077;2026-04-10 20:00:00;1;1;225;5.0
2410;M-1101;PC-14;Counter-Strike 2;2026-02-02 16:45:00;3;1;459;4.0
2411;M-1291;PC-23;Dota 2;2026-04-02 22:15:00;2;0;460;4.0
2412;M-1199;PC-22;Cyberpunk 2077;2026-03-31 17:30:00;4;0;1080;4.0
2413;M-1248;PC-09;Dota 2;2026-04-08 16:45:00;2;1;270;3.0
2414;M-1033;PC-16;EA FC 24;2026-04-08 14:45:00;3;0;450;
2415;M-1168;PC-08;Apex Legends;2026-03-07 18:30:00;2;0;300;4.0
2416;;PC-14;Counter-Strike 2;2026-02-20 16:15:00;5;0;850;
2417;M-1034;PC-15;Dota 2;2026-03-22 18:45:00;2;1;234;5.0
2418;M-1176;PC-25;Counter-Strike 2;2026-03-18 17:30:00;2;1;450;
2419;M-1143;PC-06;GTA V;2026-03-03 15:45:00;2;0;300;5.0
2420;M-1241;PC-31;Dota 2;2026-03-16 21:30:00;2;0;800;5.0
2421;M-1017;PC-23;Counter-Strike 2;2026-02-23 15:45:00;1;0;230;4.0
2422;M-1003;PC-16;Counter-Strike 2;2026-02-06 10:15:00;5;0;750;4.0
2423;M-1012;PC-02;GTA V;2026-02-08 21:30:00;3;0;510;4.0
2424;M-1031;PC-16;Apex Legends;2026-01-24 15:45:00;2;0;300;4.0
2425;M-1028;PC-26;Counter-Strike 2;2026-04-07 14:30:00;3;0;750;
2426;M-1247;PC-05;Apex Legends;2026-03-14 17:15:00;1;0;150;3.0
2427;M-1166;PC-20;Valorant;2026-03-03 14:30:00;3;0;750;5.0
2428;M-1132;PC-19;Valorant;2026-01-25 15:30:00;3;0;750;
2429;M-1131;PC-21;Dota 2;2026-04-05 23:30:00;2;0;500;5.0
2430;M-1195;PC-05;Counter-Strike 2;2026-02-11 16:30:00;1;0;150;
2431;M-1097;PC-03;Counter-Strike 2;2026-03-03 17:30:00;1;0;170;5.0
2432;M-1136;PC-25;Counter-Strike 2;2026-04-06 19:45:00;4;0;1000;5.0
2433;M-1107;PC-25;Dota 2;2026-03-03 19:45:00;1;0;250;5.0
2434;M-1204;PC-06;Cyberpunk 2077;2026-04-13 17:00:00;2;0;300;
2435;M-1092;PC-10;Dota 2;2026-03-29 19:15:00;2;0;260;5.0
2436;M-1228;PC-23;PUBG;2026-02-25 21:00:00;2;0;460;4.0
2437;M-1294;PC-28;Dota 2;2026-02-12 13:30:00;3;1;1080;5.0
2438;M-1172;PC-15;Cyberpunk 2077;2026-04-10 14:00:00;4;0;520;4.0
2439;M-1259;PC-20;Counter-Strike 2;2026-01-20 22:15:00;4;0;1000;5.0
2440;M-1118;PC-20;GTA V;2026-02-27 12:00:00;4;0;1000;5.0
2441;M-1089;PC-21;GTA V;2026-01-15 15:15:00;3;0;750;
2442;M-1016;PC-20;Dota 2;2026-04-09 14:00:00;5;0;1250;5.0
2443;M-1261;PC-03;Dota 2;2026-02-04 16:00:00;6;0;1020;5.0
2444;M-1083;PC-27;GTA V;2026-03-12 13:30:00;3;0;1200;4.0
2445;;PC-18;GTA V;2026-02-03 20:30:00;2;0;500;5.0
2446;M-1224;PC-04;Counter-Strike 2;2026-01-24 15:30:00;4;0;600;
2447;M-1147;PC-22;Cyberpunk 2077;2026-03-27 17:30:00;2;1;486;4.0
2448;M-1095;PC-01;Apex Legends;2026-03-11 18:00:00;2;0;260;
2449;M-1219;PC-16;Dota 2;2026-02-14 10:15:00;2;0;300;2.0
2450;M-1117;PC-04;Dota 2;2026-04-05 16:45:00;6;0;900;3.0
2451;M-1232;PC-01;Dota 2;2026-03-25 18:15:00;2;0;260;4.0
2452;M-1159;PC-02;Apex Legends;2026-02-25 19:15:00;3;1;459;4.0
2453;M-1192;PC-13;Counter-Strike 2;2026-02-08 19:30:00;1;1;153;4.0
2454;M-1232;PC-21;Dota 2;2026-03-07 17:30:00;2;0;500;4.0
2455;M-1120;PC-27;Dota 2;2026-03-31 15:30:00;5;0;2000;
2456;M-1049;PC-18;Valorant;2026-03-27 10:00:00;2;0;500;5.0
2457;M-1148;PC-20;Dota 2;2026-03-23 13:30:00;2;0;500;
2458;M-1212;PC-30;Cyberpunk 2077;2026-03-25 16:30:00;3;0;1200;4.0
2459;M-1006;PC-20;Counter-Strike 2;2026-04-14 17:30:00;1;1;225;
2460;M-1039;PC-12;Counter-Strike 2;2026-02-24 12:00:00;3;0;450;3.0
2461;M-1055;PC-16;Valorant;2026-03-12 16:30:00;3;0;450;
2462;M-1062;PC-06;Apex Legends;2026-02-19 14:15:00;2;0;300;4.0
2463;;PC-17;Valorant;2026-03-27 16:15:00;4;0;920;4.0
2464;;PC-15;Counter-Strike 2;2026-02-08 16:30:00;2;0;260;5.0
2465;M-1219;PC-31;Dota 2;2026-01-27 17:15:00;2;1;720;
2466;M-1110;PC-12;Apex Legends;2026-03-24 18:45:00;4;1;540;3.0
2467;M-1171;PC-04;Counter-Strike 2;2026-01-29 23:15:00;2;1;270;3.0
2468;M-1129;PC-29;Valorant;2026-02-09 12:15:00;1;0;380;5.0
2469;M-1019;PC-07;Baldur's Gate 3;2026-04-02 19:45:00;3;0;450;5.0
2470;M-1073;PC-26;Cyberpunk 2077;2026-01-29 13:45:00;2;0;500;4.0
2471;M-1117;PC-13;GTA V;2026-04-01 16:45:00;2;0;340;4.0
2472;M-1199;PC-01;Counter-Strike 2;2026-01-28 20:45:00;5;0;650;
2473;M-1202;PC-04;Counter-Strike 2;2026-02-28 20:45:00;2;1;270;5.0
2474;M-1066;PC-19;Valorant;2026-04-05 20:30:00;2;0;500;5.0
2475;M-1095;PC-13;Cyberpunk 2077;2026-01-18 10:45:00;1;0;170;
2476;M-1264;PC-15;Valorant;2026-03-16 13:15:00;3;1;351;
2477;M-1050;PC-21;GTA V;2026-03-24 16:15:00;2;0;500;4.0
2478;M-1171;PC-21;Cyberpunk 2077;2026-03-12 19:15:00;5;0;1250;5.0
2479;M-1150;PC-30;Cyberpunk 2077;2026-02-27 17:15:00;3;0;1200;5.0
2480;M-1005;PC-20;Cyberpunk 2077;2026-03-12 15:30:00;1;0;250;5.0
2481;M-1177;PC-06;Valorant;2026-04-13 17:15:00;1;0;150;5.0
2482;;PC-08;Dota 2;2026-02-28 23:45:00;2;0;300;4.0
2483;M-1272;PC-10;Dota 2;2026-02-03 18:30:00;2;0;260;5.0
2484;M-1002;PC-04;Counter-Strike 2;2026-01-16 21:00:00;3;1;405;5.0
2485;M-1281;PC-02;Apex Legends;2026-04-04 15:45:00;1;0;170;5.0
2486;M-1127;PC-28;Cyberpunk 2077;2026-03-07 17:15:00;3;0;1200;5.0
2487;M-1079;PC-19;Counter-Strike 2;2026-03-11 12:30:00;2;0;500;4.0
2488;M-1002;PC-15;Dota 2;2026-02-16 16:45:00;3;0;390;5.0
2489;M-1121;PC-06;GTA V;2026-02-20 23:30:00;1;1;135;
2490;M-1016;PC-26;Apex Legends;2026-01-31 20:00:00;3;0;750;5.0
2491;M-1135;PC-05;Counter-Strike 2;2026-01-17 16:00:00;1;0;150;
2492;M-1122;PC-09;Dota 2;2026-02-25 16:15:00;2;1;270;4.0
2493;M-1108;PC-14;Valorant;2026-01-28 18:15:00;2;0;340;4.0
2494;M-1076;PC-06;Dota 2;2026-02-08 14:15:00;3;0;450;4.0
2495;M-1084;PC-20;GTA V;2026-04-13 19:45:00;3;0;750;3.0
2496;M-1090;PC-24;Dota 2;2026-02-27 17:45:00;4;0;1000;3.0
2497;M-1204;PC-06;Dota 2;2026-03-28 15:30:00;1;0;150;5.0
2498;;PC-28;GTA V;2026-02-25 20:30:00;4;0;1600;3.0
2499;M-1046;PC-01;Dota 2;2026-03-14 17:15:00;2;0;260;4.0
2500;M-1142;PC-14;Valorant;2026-02-02 18:00:00;3;0;510;4.0
2501;M-1293;PC-24;EA FC 24;2026-01-24 15:45:00;2;1;450;4.0
2502;M-1254;PC-13;Counter-Strike 2;2026-02-02 13:30:00;4;0;680;3.0
2503;M-1021;PC-31;GTA V;2026-02-08 19:30:00;2;1;720;4.0
2504;M-1002;PC-32;Counter-Strike 2;2026-01-28 21:15:00;2;0;760;
2505;;PC-15;Apex Legends;2026-02-25 18:30:00;6;0;780;2.0
2506;M-1135;PC-19;Counter-Strike 2;2026-02-05 18:30:00;1;1;225;4.0
2507;M-1270;PC-32;Valorant;2026-02-23 22:30:00;2;0;760;3.0
2508;;PC-32;Dota 2;2026-02-16 17:15:00;4;0;1520;5.0
2509;M-1174;PC-10;Valorant;2026-02-12 19:15:00;5;0;650;5.0
2510;M-1046;PC-25;Dota 2;2026-03-17 19:30:00;2;0;500;4.0
2511;M-1024;PC-32;GTA V;2026-02-04 19:15:00;2;0;760;2.0
2512;M-1182;PC-11;Apex Legends;2026-02-28 20:00:00;2;1;270;5.0
2513;M-1005;PC-30;Counter-Strike 2;2026-01-27 16:15:00;2;0;800;4.0
2514;M-1271;PC-03;GTA V;2026-02-25 16:00:00;3;0;510;5.0
2515;;PC-04;Cyberpunk 2077;2026-01-24 16:15:00;5;0;750;3.0
2516;M-1104;PC-26;GTA V;2026-03-22 16:45:00;3;0;750;4.0
2517;M-1256;PC-04;Baldur's Gate 3;2026-01-18 14:45:00;4;0;600;4.0
2518;M-1118;PC-31;Dota 2;2026-01-20 20:30:00;3;0;1200;5.0
2519;M-1209;PC-09;EA FC 24;2026-02-26 23:15:00;3;1;405;5.0
2520;M-1028;PC-30;Counter-Strike 2;2026-04-08 17:30:00;1;0;400;
2521;M-1102;PC-13;Counter-Strike 2;2026-02-26 21:30:00;2;0;340;2.0
2522;;PC-32;EA FC 24;2026-01-27 19:00:00;1;0;380;5.0
2523;M-1281;PC-31;Counter-Strike 2;2026-01-30 12:45:00;5;0;2000;
2524;M-1221;PC-24;Valorant;2026-02-25 18:15:00;3;1;675;4.0
2525;M-1042;PC-24;EA FC 24;2026-04-07 12:45:00;5;1;1125;
2526;M-1277;PC-26;Counter-Strike 2;2026-03-13 12:45:00;6;0;1500;
2527;M-1238;PC-19;Apex Legends;2026-02-12 14:15:00;2;0;500;5.0
2528;M-1045;PC-05;Dota 2;2026-02-20 17:45:00;2;1;270;5.0
2529;M-1079;PC-14;Dota 2;2026-03-21 17:45:00;3;0;510;
2530;;PC-03;Valorant;2026-02-08 19:30:00;1;0;170;5.0
2531;M-1099;PC-04;Apex Legends;2026-02-23 13:30:00;2;0;300;3.0
2532;M-1136;PC-22;Apex Legends;2026-03-15 17:45:00;2;0;540;4.0
2533;M-1086;PC-22;Dota 2;2026-01-17 16:45:00;4;0;1080;4.0
2534;M-1190;PC-06;Cyberpunk 2077;2026-03-02 18:00:00;3;1;405;2.0
2535;M-1021;PC-13;GTA V;2026-03-05 18:30:00;2;1;306;3.0
2536;M-1033;PC-02;Dota 2;2026-02-05 18:30:00;2;0;340;4.0
2537;M-1017;PC-01;Valorant;2026-04-03 13:00:00;3;0;390;1.0
2538;;PC-15;Apex Legends;2026-04-10 19:45:00;3;0;390;4.0
2539;M-1049;PC-04;Counter-Strike 2;2026-01-26 12:15:00;1;0;150;4.0
2540;M-1122;PC-11;Counter-Strike 2;2026-04-03 10:00:00;3;0;450;2.0
2541;M-1206;PC-03;Dota 2;2026-01-21 16:30:00;1;1;153;2.0
2542;M-1124;PC-19;Counter-Strike 2;2026-02-03 12:15:00;2;1;450;5.0
2543;M-1236;PC-13;Counter-Strike 2;2026-03-07 15:30:00;1;1;153;5.0
2544;;PC-20;Dota 2;2026-02-20 14:30:00;6;0;1500;
2545;M-1038;PC-26;Cyberpunk 2077;2026-01-31 20:45:00;2;1;450;4.0
2546;M-1275;PC-23;Counter-Strike 2;2026-02-06 19:45:00;4;0;920;4.0
2547;;PC-25;Valorant;2026-01-29 18:00:00;2;0;500;
2548;M-1283;PC-12;GTA V;2026-03-10 11:15:00;3;0;450;5.0
2549;M-1189;PC-02;Apex Legends;2026-03-23 22:15:00;2;0;340;2.0
2550;M-1160;PC-07;Dota 2;2026-04-05 23:00:00;2;0;300;5.0
2551;M-1266;PC-09;EA FC 24;2026-03-11 19:30:00;3;0;450;
2552;M-1127;PC-02;Counter-Strike 2;2026-02-18 17:45:00;3;1;459;5.0
2553;M-1247;PC-04;Apex Legends;2026-03-12 19:45:00;2;1;270;4.0
2554;M-1223;PC-30;Dota 2;2026-03-28 18:00:00;3;0;1200;5.0
2555;M-1002;PC-14;Valorant;2026-02-08 21:15:00;1;0;170;
2556;M-1002;PC-15;EA FC 24;2026-02-19 16:30:00;1;0;130;4.0
2557;M-1172;PC-25;Counter-Strike 2;2026-03-20 13:15:00;2;0;500;5.0
2558;M-1149;PC-26;Apex Legends;2026-03-05 19:00:00;6;0;1500;
2559;M-1209;PC-29;Apex Legends;2026-02-25 19:30:00;6;1;2052;3.0
2560;M-1249;PC-27;Counter-Strike 2;2026-02-22 20:00:00;1;0;400;5.0
2561;;PC-23;Dota 2;2026-02-24 17:45:00;2;0;460;5.0
2562;M-1222;PC-24;GTA V;2026-01-22 17:15:00;4;0;1000;5.0
2563;M-1271;PC-25;GTA V;2026-02-19 17:00:00;2;1;450;4.0
2564;M-1241;PC-18;Dota 2;2026-04-09 18:30:00;6;0;1500;4.0
2565;M-1067;PC-09;GTA V;2026-03-03 17:45:00;2;0;300;5.0
2566;M-1160;PC-32;GTA V;2026-03-08 16:45:00;2;1;684;5.0
2567;M-1182;PC-29;Counter-Strike 2;2026-03-16 15:45:00;2;1;684;4.0
2568;M-1032;PC-20;Counter-Strike 2;2026-03-27 19:30:00;1;0;250;4.0
2569;M-1250;PC-01;Apex Legends;2026-03-06 11:30:00;1;0;130;
2570;M-1084;PC-12;Dota 2;2026-03-28 18:00:00;4;0;600;4.0
2571;M-1284;PC-14;Dota 2;2026-04-02 15:45:00;3;0;510;5.0
2572;M-1185;PC-21;GTA V;2026-03-09 14:45:00;1;0;250;
2573;M-1040;PC-15;Cyberpunk 2077;2026-03-09 19:00:00;2;1;234;5.0
2574;M-1180;PC-25;Counter-Strike 2;2026-02-18 14:00:00;1;0;250;5.0
2575;M-1075;PC-14;Dota 2;2026-02-26 21:00:00;1;0;170;5.0
2576;M-1094;PC-22;Baldur's Gate 3;2026-03-07 15:30:00;2;0;540;3.0
2577;M-1274;PC-09;Dota 2;2026-01-18 19:30:00;3;0;450;
2578;M-1170;PC-19;Counter-Strike 2;2026-02-23 19:00:00;2;0;500;
2579;M-1074;PC-06;Counter-Strike 2;2026-02-08 16:45:00;1;0;150;3.0
2580;M-1260;PC-04;Counter-Strike 2;2026-03-13 16:15:00;1;0;150;4.0
2581;M-1223;PC-07;PUBG;2026-04-05 23:30:00;2;0;300;5.0
2582;M-1293;PC-16;Dota 2;2026-01-26 20:00:00;5;0;750;4.0
2583;M-1157;PC-12;Counter-Strike 2;2026-03-25 17:45:00;3;0;450;4.0
2584;;PC-32;Cyberpunk 2077;2026-02-15 14:30:00;3;0;1140;4.0
2585;M-1057;PC-20;Dota 2;2026-02-09 16:00:00;1;1;225;4.0
2586;M-1171;PC-04;Cyberpunk 2077;2026-02-24 17:30:00;2;0;300;4.0
2587;M-1110;PC-07;Cyberpunk 2077;2026-02-03 12:15:00;2;0;300;
2588;M-1270;PC-08;EA FC 24;2026-03-29 15:30:00;4;0;600;4.0
2589;M-1163;PC-26;Apex Legends;2026-01-15 12:30:00;2;0;500;5.0
2590;M-1069;PC-04;Counter-Strike 2;2026-04-12 17:30:00;2;0;300;
2591;;PC-22;Dota 2;2026-03-17 19:30:00;2;0;540;3.0
2592;M-1274;PC-14;Dota 2;2026-03-14 14:15:00;3;0;510;5.0
2593;M-1044;PC-13;Counter-Strike 2;2026-01-16 16:30:00;1;1;153;5.0
2594;M-1299;PC-07;Dota 2;2026-01-18 14:00:00;1;0;150;4.0
2595;M-1145;PC-07;Counter-Strike 2;2026-03-08 18:00:00;3;0;450;5.0
2596;;PC-15;Dota 2;2026-03-27 15:30:00;2;1;234;
2597;M-1297;PC-21;Dota 2;2026-03-11 17:00:00;3;0;750;4.0
2598;M-1137;PC-22;Counter-Strike 2;2026-03-06 21:30:00;2;0;540;5.0
2599;M-1295;PC-12;Cyberpunk 2077;2026-03-25 20:30:00;3;0;450;5.0
2600;M-1032;PC-31;Dota 2;2026-03-06 17:30:00;3;0;1200;5.0
2601;M-1277;PC-13;Counter-Strike 2;2026-02-16 17:30:00;3;0;510;
2602;M-1177;PC-22;Counter-Strike 2;2026-02-04 18:30:00;2;0;540;
2603;M-1237;PC-09;Valorant;2026-03-13 15:00:00;2;0;300;3.0
2604;M-1165;PC-20;Dota 2;2026-03-08 20:30:00;5;0;1250;5.0
2605;;PC-31;Counter-Strike 2;2026-01-18 16:45:00;2;0;800;3.0
2606;M-1220;PC-32;Dota 2;2026-03-31 18:45:00;3;1;1026;5.0
2607;M-1245;PC-08;Valorant;2026-03-03 18:00:00;3;0;450;
2608;M-1128;PC-07;Apex Legends;2026-03-30 16:15:00;1;0;150;5.0
2609;M-1266;PC-15;Valorant;2026-02-23 17:15:00;5;1;585;4.0
2610;M-1150;PC-31;GTA V;2026-03-02 17:15:00;2;1;720;4.0
2611;M-1291;PC-19;Counter-Strike 2;2026-02-22 22:45:00;2;0;500;3.0
2612;M-1076;PC-11;Dota 2;2026-03-17 18:15:00;2;1;270;5.0
2613;M-1069;PC-27;Valorant;2026-02-16 17:30:00;3;1;1080;5.0
2614;M-1179;PC-20;Valorant;2026-02-05 15:30:00;4;0;1000;3.0
2615;M-1019;PC-01;Dota 2;2026-03-02 16:30:00;2;1;234;5.0
2616;M-1068;PC-10;Dota 2;2026-01-17 14:15:00;2;1;234;4.0
2617;M-1194;PC-16;Dota 2;2026-03-01 19:30:00;2;0;300;3.0
2618;M-1092;PC-01;Valorant;2026-01-27 18:45:00;3;0;390;5.0
2619;M-1213;PC-16;Cyberpunk 2077;2026-03-25 18:30:00;3;0;450;
2620;M-1195;PC-08;Cyberpunk 2077;2026-03-15 19:00:00;1;0;150;2.0
2621;;PC-29;Counter-Strike 2;2026-03-23 21:30:00;1;0;380;4.0
2622;M-1127;PC-27;Dota 2;2026-04-12 20:15:00;2;0;800;3.0
2623;M-1210;PC-16;EA FC 24;2026-01-29 20:00:00;4;1;540;4.0
2624;;PC-11;Counter-Strike 2;2026-04-14 20:15:00;1;0;150;4.0
2625;M-1152;PC-09;Counter-Strike 2;2026-04-08 17:15:00;3;1;405;1.0
2626;M-1192;PC-24;Counter-Strike 2;2026-02-02 18:45:00;1;0;250;5.0
2627;M-1146;PC-30;Dota 2;2026-03-04 15:45:00;3;0;1200;3.0
2628;M-1123;PC-09;Cyberpunk 2077;2026-01-30 13:30:00;2;0;300;5.0
2629;M-1147;PC-11;EA FC 24;2026-01-17 15:00:00;3;0;450;5.0
2630;M-1059;PC-30;Cyberpunk 2077;2026-02-06 14:15:00;2;0;800;4.0
2631;M-1261;PC-17;Cyberpunk 2077;2026-02-07 14:30:00;2;0;460;5.0
2632;;PC-03;Counter-Strike 2;2026-03-27 18:30:00;2;0;340;5.0
2633;;PC-07;Counter-Strike 2;2026-04-03 20:30:00;3;0;450;3.0
2634;;PC-10;Dota 2;2026-02-18 19:00:00;2;1;234;5.0
2635;M-1278;PC-25;Dota 2;2026-03-22 16:30:00;3;1;675;4.0
2636;M-1146;PC-15;Counter-Strike 2;2026-04-03 14:45:00;2;0;260;5.0
2637;M-1167;PC-21;EA FC 24;2026-02-21 20:45:00;2;0;500;5.0
2638;M-1024;PC-29;Counter-Strike 2;2026-04-04 18:00:00;2;1;684;4.0
2639;M-1072;PC-17;Apex Legends;2026-03-02 14:00:00;3;0;690;3.0
2640;M-1076;PC-22;Counter-Strike 2;2026-03-19 19:30:00;2;0;540;3.0
2641;M-1060;PC-24;Valorant;2026-04-05 10:15:00;3;1;675;
2642;M-1204;PC-16;Apex Legends;2026-01-19 20:00:00;2;0;300;
2643;;PC-23;Cyberpunk 2077;2026-03-07 16:45:00;2;0;460;5.0
2644;;PC-31;Dota 2;2026-03-03 11:15:00;2;1;720;3.0
2645;M-1147;PC-02;Counter-Strike 2;2026-03-31 17:15:00;1;0;170;5.0
2646;M-1018;PC-16;Apex Legends;2026-03-24 15:15:00;2;1;270;5.0
2647;M-1183;PC-04;EA FC 24;2026-02-14 11:15:00;5;0;750;4.0
2648;M-1092;PC-01;Counter-Strike 2;2026-01-27 11:00:00;4;0;520;5.0
2649;M-1110;PC-10;Dota 2;2026-02-22 13:30:00;1;0;130;4.0
2650;M-1172;PC-02;Dota 2;2026-03-19 18:45:00;2;0;340;4.0
2651;M-1065;PC-27;Counter-Strike 2;2026-04-14 16:45:00;3;0;1200;5.0
2652;M-1121;PC-03;GTA V;2026-02-03 18:30:00;2;0;340;
2653;;PC-09;GTA V;2026-03-13 11:15:00;6;0;900;
2654;M-1059;PC-02;Apex Legends;2026-03-21 21:00:00;4;1;612;4.0
2655;M-1208;PC-03;Counter-Strike 2;2026-01-27 13:00:00;4;1;612;5.0
2656;M-1003;PC-04;Counter-Strike 2;2026-01-25 13:45:00;5;0;750;3.0
2657;M-1102;PC-32;Counter-Strike 2;2026-03-09 13:00:00;5;1;1710;5.0
2658;M-1290;PC-30;Counter-Strike 2;2026-02-07 17:15:00;3;1;1080;
2659;M-1051;PC-21;Counter-Strike 2;2026-03-18 16:30:00;1;0;250;4.0
2660;M-1130;PC-28;Cyberpunk 2077;2026-01-22 15:45:00;2;0;800;
2661;M-1285;PC-21;GTA V;2026-02-11 14:15:00;1;0;250;4.0
2662;M-1005;PC-30;Dota 2;2026-03-04 21:00:00;3;1;1080;
2663;M-1181;PC-12;Dota 2;2026-01-27 17:15:00;2;0;300;4.0
2664;M-1283;PC-18;GTA V;2026-03-08 17:15:00;2;1;450;5.0
2665;M-1083;PC-16;GTA V;2026-02-09 19:00:00;2;0;300;4.0
2666;M-1268;PC-17;Dota 2;2026-01-28 19:30:00;2;0;460;4.0
2667;;PC-20;Valorant;2026-03-22 18:00:00;1;0;250;4.0
2668;M-1096;PC-04;Counter-Strike 2;2026-01-29 12:00:00;2;1;270;5.0
2669;M-1121;PC-19;Dota 2;2026-02-12 20:15:00;6;0;1500;
2670;M-1267;PC-09;EA FC 24;2026-01-21 21:15:00;3;0;450;
2671;M-1141;PC-27;Cyberpunk 2077;2026-02-09 19:15:00;2;0;800;4.0
2672;M-1215;PC-13;Counter-Strike 2;2026-03-04 16:15:00;3;0;510;4.0
2673;M-1282;PC-22;Counter-Strike 2;2026-03-02 17:15:00;1;1;243;5.0
2674;M-1283;PC-29;Counter-Strike 2;2026-03-21 15:15:00;2;0;760;4.0
2675;M-1090;PC-08;Dota 2;2026-02-25 18:15:00;2;0;300;
2676;M-1024;PC-12;Valorant;2026-02-06 18:30:00;2;0;300;
2677;M-1097;PC-10;GTA V;2026-01-28 17:00:00;1;0;130;5.0
2678;M-1063;PC-27;Dota 2;2026-02-26 20:45:00;3;0;1200;
2679;M-1288;PC-12;Dota 2;2026-04-04 20:45:00;4;0;600;5.0
2680;M-1177;PC-03;Counter-Strike 2;2026-01-26 20:30:00;2;0;340;5.0
2681;;PC-23;EA FC 24;2026-03-05 19:00:00;3;0;690;4.0
2682;M-1216;PC-01;GTA V;2026-03-31 23:30:00;3;0;390;4.0
2683;M-1284;PC-24;Counter-Strike 2;2026-01-15 15:15:00;5;0;1250;3.0
2684;M-1078;PC-11;EA FC 24;2026-01-18 22:45:00;6;1;810;
2685;M-1151;PC-27;Counter-Strike 2;2026-04-12 15:45:00;3;0;1200;4.0
2686;M-1111;PC-31;Valorant;2026-03-23 13:30:00;3;0;1200;
2687;M-1220;PC-28;GTA V;2026-02-17 19:00:00;2;0;800;4.0
2688;M-1030;PC-03;Cyberpunk 2077;2026-03-02 21:15:00;2;0;340;3.0
2689;M-1013;PC-16;Counter-Strike 2;2026-02-17 19:45:00;2;1;270;3.0
2690;M-1050;PC-13;Dota 2;2026-02-03 21:15:00;2;0;340;5.0
2691;M-1129;PC-29;Counter-Strike 2;2026-01-16 22:15:00;3;0;1140;4.0
2692;M-1147;PC-09;Apex Legends;2026-04-01 17:45:00;5;1;675;3.0
2693;M-1300;PC-11;PUBG;2026-01-21 18:15:00;2;0;300;4.0
2694;M-1055;PC-05;Valorant;2026-04-04 17:15:00;3;1;405;
2695;;PC-03;Counter-Strike 2;2026-02-02 15:45:00;1;0;170;5.0
2696;M-1140;PC-15;Dota 2;2026-01-25 17:45:00;3;0;390;4.0
2697;M-1106;PC-07;Apex Legends;2026-02-12 13:45:00;6;0;900;4.0
2698;M-1092;PC-18;EA FC 24;2026-04-14 11:15:00;3;0;750;5.0
2699;M-1154;PC-16;Counter-Strike 2;2026-04-14 18:00:00;2;0;300;4.0
2700;M-1108;PC-02;Cyberpunk 2077;2026-03-20 19:00:00;1;0;170;5.0
2701;M-1254;PC-16;GTA V;2026-04-13 19:45:00;3;0;450;4.0
2702;M-1246;PC-22;Valorant;2026-04-09 19:15:00;3;0;810;4.0
2703;M-1138;PC-02;Counter-Strike 2;2026-03-25 11:15:00;5;0;850;4.0
2704;M-1088;PC-11;Dota 2;2026-02-08 15:30:00;2;0;300;1.0
2705;M-1206;PC-01;Dota 2;2026-03-01 19:15:00;2;0;260;4.0
2706;M-1008;PC-24;Valorant;2026-03-20 18:45:00;2;1;450;4.0
2707;M-1014;PC-15;Dota 2;2026-02-21 19:45:00;4;0;520;
2708;M-1134;PC-23;Cyberpunk 2077;2026-04-12 11:15:00;2;0;460;5.0
2709;M-1105;PC-14;Valorant;2026-03-27 18:00:00;4;0;680;5.0
2710;M-1172;PC-12;Dota 2;2026-02-24 18:45:00;1;0;150;
2711;M-1078;PC-30;Cyberpunk 2077;2026-02-17 17:45:00;5;0;2000;
2712;M-1205;PC-18;EA FC 24;2026-01-20 19:45:00;5;0;1250;
2713;M-1164;PC-17;Counter-Strike 2;2026-03-08 21:45:00;1;0;230;
2714;M-1275;PC-23;Dota 2;2026-01-18 14:00:00;3;1;621;
2715;M-1126;PC-31;Counter-Strike 2;2026-02-16 18:00:00;1;0;400;
2716;;PC-11;Dota 2;2026-01-21 19:15:00;2;0;300;4.0
2717;M-1056;PC-06;GTA V;2026-03-06 17:30:00;1;0;150;3.0
2718;M-1241;PC-26;Counter-Strike 2;2026-02-20 19:30:00;3;0;750;
2719;M-1290;PC-25;Dota 2;2026-02-20 17:30:00;2;0;500;
2720;M-1090;PC-28;Valorant;2026-03-09 17:00:00;5;1;1800;3.0
2721;M-1226;PC-04;Counter-Strike 2;2026-03-15 20:00:00;3;0;450;4.0
2722;;PC-29;Valorant;2026-02-01 17:45:00;4;0;1520;4.0
2723;M-1208;PC-12;Counter-Strike 2;2026-03-17 13:00:00;5;0;750;5.0
2724;M-1183;PC-11;Counter-Strike 2;2026-02-25 18:45:00;2;0;300;5.0
2725;M-1149;PC-32;Valorant;2026-03-27 14:30:00;3;0;1140;4.0
2726;M-1149;PC-21;Counter-Strike 2;2026-02-17 14:30:00;3;0;750;4.0
2727;M-1092;PC-22;Counter-Strike 2;2026-02-25 20:30:00;2;0;540;4.0
2728;M-1251;PC-30;Dota 2;2026-04-11 16:15:00;2;0;800;3.0
2729;M-1058;PC-16;GTA V;2026-01-24 18:15:00;3;0;450;4.0
2730;M-1146;PC-11;Cyberpunk 2077;2026-02-05 15:30:00;4;1;540;4.0
2731;M-1237;PC-17;Dota 2;2026-02-13 13:45:00;2;0;460;4.0
2732;M-1006;PC-24;Apex Legends;2026-02-24 16:15:00;3;1;675;3.0
2733;M-1097;PC-08;Dota 2;2026-03-31 17:30:00;1;0;150;5.0
2734;M-1275;PC-10;Dota 2;2026-01-28 18:00:00;5;0;650;5.0
2735;M-1141;PC-26;GTA V;2026-02-17 15:45:00;1;1;225;4.0
2736;M-1133;PC-27;Counter-Strike 2;2026-02-13 19:00:00;6;1;2160;3.0
2737;M-1212;PC-03;Apex Legends;2026-01-15 20:15:00;1;1;153;3.0
2738;M-1234;PC-04;Counter-Strike 2;2026-03-28 17:30:00;1;0;150;4.0
2739;M-1128;PC-26;Dota 2;2026-02-03 15:45:00;3;0;750;5.0
2740;M-1106;PC-28;Dota 2;2026-03-25 19:45:00;3;0;1200;2.0
2741;M-1257;PC-03;Apex Legends;2026-03-01 20:00:00;2;0;340;4.0
2742;M-1179;PC-14;Counter-Strike 2;2026-02-08 21:45:00;3;0;510;3.0
2743;M-1229;PC-24;Counter-Strike 2;2026-02-01 14:00:00;3;0;750;2.0
2744;M-1178;PC-29;Valorant;2026-03-07 17:45:00;2;0;760;4.0
2745;M-1035;PC-06;EA FC 24;2026-04-09 19:45:00;2;0;300;5.0
2746;M-1255;PC-11;Cyberpunk 2077;2026-01-22 12:00:00;3;0;450;4.0
2747;M-1046;PC-03;Apex Legends;2026-03-29 18:00:00;3;0;510;4.0
2748;M-1087;PC-15;Cyberpunk 2077;2026-02-19 18:45:00;2;0;260;3.0
2749;M-1195;PC-03;Valorant;2026-04-13 14:45:00;3;0;510;
2750;M-1255;PC-02;Cyberpunk 2077;2026-03-02 19:30:00;3;1;459;5.0
2751;M-1250;PC-17;Counter-Strike 2;2026-03-28 17:45:00;1;0;230;5.0
2752;M-1021;PC-09;Dota 2;2026-02-17 14:00:00;2;0;300;5.0
2753;M-1166;PC-25;EA FC 24;2026-02-26 16:00:00;2;0;500;5.0
2754;M-1294;PC-16;GTA V;2026-01-30 18:30:00;4;1;540;4.0
2755;M-1215;PC-27;EA FC 24;2026-03-08 18:00:00;1;0;400;4.0
2756;M-1157;PC-21;Cyberpunk 2077;2026-04-08 23:30:00;2;1;450;
2757;M-1170;PC-03;Dota 2;2026-02-03 18:30:00;2;0;340;5.0
2758;M-1291;PC-21;Cyberpunk 2077;2026-02-18 18:00:00;2;0;500;3.0
2759;M-1041;PC-06;Dota 2;2026-01-26 17:15:00;2;0;300;
2760;;PC-21;Dota 2;2026-01-27 13:00:00;2;0;500;
2761;;PC-25;Counter-Strike 2;2026-01-15 10:15:00;2;1;450;4.0
2762;M-1204;PC-30;Dota 2;2026-01-29 19:15:00;3;0;1200;3.0
2763;M-1022;PC-17;Baldur's Gate 3;2026-03-20 21:00:00;3;1;621;5.0
2764;M-1192;PC-16;Dota 2;2026-01-25 18:15:00;1;0;150;5.0
2765;M-1080;PC-10;GTA V;2026-02-21 20:30:00;3;0;390;
2766;M-1082;PC-10;Counter-Strike 2;2026-02-28 18:15:00;2;0;260;4.0
2767;M-1133;PC-11;Dota 2;2026-03-22 17:45:00;2;0;300;
2768;;PC-21;GTA V;2026-03-26 19:00:00;3;0;750;5.0
2769;M-1152;PC-01;Valorant;2026-03-22 23:45:00;3;1;351;4.0
2770;M-1224;PC-26;Counter-Strike 2;2026-02-25 14:00:00;2;0;500;3.0
2771;;PC-21;Cyberpunk 2077;2026-02-04 16:00:00;2;1;450;4.0
2772;M-1193;PC-29;GTA V;2026-02-21 20:30:00;5;0;1900;5.0
2773;M-1072;PC-29;Dota 2;2026-01-22 12:15:00;2;0;760;5.0
2774;M-1163;PC-05;GTA V;2026-03-25 18:15:00;2;0;300;3.0
2775;M-1108;PC-05;Valorant;2026-04-03 17:30:00;2;0;300;5.0
2776;M-1173;PC-28;Dota 2;2026-01-30 20:15:00;2;0;800;5.0
2777;;PC-15;Dota 2;2026-04-02 16:45:00;3;0;390;5.0
2778;M-1202;PC-31;Counter-Strike 2;2026-03-04 17:15:00;1;1;360;5.0
2779;M-1253;PC-15;Dota 2;2026-01-30 13:30:00;3;0;390;4.0
2780;M-1099;PC-21;Counter-Strike 2;2026-01-24 20:00:00;2;0;500;3.0
2781;M-1005;PC-32;Counter-Strike 2;2026-02-11 14:15:00;1;0;380;5.0
2782;M-1250;PC-26;Dota 2;2026-03-03 14:00:00;3;0;750;4.0
2783;M-1291;PC-30;Dota 2;2026-03-17 16:00:00;3;0;1200;
2784;M-1099;PC-24;Apex Legends;2026-01-23 13:30:00;2;0;500;5.0
2785;M-1184;PC-26;Dota 2;2026-02-04 15:30:00;3;0;750;5.0
2786;M-1120;PC-18;Counter-Strike 2;2026-03-14 16:45:00;2;0;500;4.0
2787;M-1215;PC-20;Cyberpunk 2077;2026-02-06 14:15:00;1;0;250;5.0
2788;M-1253;PC-31;Dota 2;2026-03-16 14:00:00;2;0;800;5.0
2789;M-1164;PC-16;Cyberpunk 2077;2026-03-31 14:45:00;3;0;450;5.0
2790;M-1231;PC-09;Dota 2;2026-03-29 21:30:00;1;0;150;4.0
2791;M-1252;PC-16;Dota 2;2026-01-29 18:45:00;1;0;150;
2792;M-1242;PC-18;Dota 2;2026-03-29 17:30:00;3;0;750;4.0
2793;M-1022;PC-25;Cyberpunk 2077;2026-03-07 18:15:00;2;0;500;
2794;M-1297;PC-20;Counter-Strike 2;2026-04-09 14:00:00;2;0;500;4.0
2795;M-1214;PC-01;Counter-Strike 2;2026-03-16 11:30:00;5;0;650;5.0
2796;;PC-29;Dota 2;2026-02-05 20:15:00;2;1;684;4.0
2797;M-1265;PC-20;Cyberpunk 2077;2026-03-12 14:45:00;2;0;500;5.0
2798;M-1087;PC-05;EA FC 24;2026-04-01 14:00:00;2;0;300;
2799;M-1113;PC-05;Counter-Strike 2;2026-02-18 15:45:00;2;0;300;3.0
2800;M-1063;PC-29;EA FC 24;2026-01-22 20:45:00;2;0;760;2.0
