member_id;nickname;email;city;balance;registered_at
1;Viper_203;viper_203@mail.ru;Казань;250;2025-09-05
2;Titan_753;titan_753@mail.ru;Санкт-Петербург;250;2025-08-02
3;Specter_403;specter_403@gmail.com;Казань;0;2025-08-20
4;Rogue_603;rogue_603@yandex.ru;Казань;0;2025-07-06
5;Phantom_706;phantom_706@yandex.ru;Москва;0;2026-05-08
6;Phantom_308;;Москва;250;2026-01-25
7;Viper_350;viper_350@mail.ru;Москва;250;2026-04-01
8;Phantom_436;phantom_436@gmail.com;Санкт-Петербург;2500;2026-03-14
9;Vortex_591;vortex_591@yandex.ru;Санкт-Петербург;250;2025-07-22
10;Turbo_848;;Санкт-Петербург;4000;2026-04-14
11;Shadow_309;;Санкт-Петербург;0;2025-06-21
12;Phoenix_545;phoenix_545@yandex.ru;Санкт-Петербург;100;2026-04-17
13;Phantom_881;phantom_881@yandex.ru;Казань;4000;2025-06-27
14;Blaze_515;blaze_515@yandex.ru;Москва;2500;2026-01-03
15;Blaze_583;blaze_583@gmail.com;Санкт-Петербург;0;2025-10-27
16;Cobra_971;cobra_971@gmail.com;Казань;250;2026-03-09
17;Viper_799;viper_799@mail.ru;Москва;500;2025-09-23
18;Vortex_368;vortex_368@yandex.ru;Екатеринбург;1000;2025-10-10
19;Cobra_107;cobra_107@mail.ru;Москва;100;2026-01-30
20;Matrix_234;matrix_234@gmail.com;Новосибирск;2500;2025-08-28
21;Matrix_731;matrix_731@mail.ru;Москва;500;2025-12-09
22;Specter_610;specter_610@yandex.ru;Санкт-Петербург;0;2025-07-28
23;Ghost_488;ghost_488@gmail.com;Казань;4000;2026-04-10
24;Phoenix_968;phoenix_968@yandex.ru;Москва;250;2025-12-04
25;Hunter_918;;Москва;100;2026-03-25
26;Flash_643;flash_643@mail.ru;Москва;4000;2026-05-16
27;CyberKnight_681;cyberknight_681@gmail.com;Москва;0;2026-03-30
28;Phoenix_618;phoenix_618@mail.ru;Новосибирск;0;2025-09-19
29;Phoenix_851;phoenix_851@mail.ru;Москва;500;2026-05-25
30;Ghost_412;ghost_412@yandex.ru;Москва;4000;2026-02-01
31;Hunter_432;hunter_432@mail.ru;Новосибирск;4000;2025-06-18
32;Blaze_35;blaze_35@yandex.ru;Москва;500;2025-10-18
33;Titan_547;titan_547@mail.ru;Екатеринбург;1000;2026-04-27
34;Kaiser_639;kaiser_639@mail.ru;Москва;1000;2026-01-23
35;Shadow_606;shadow_606@mail.ru;Санкт-Петербург;100;2025-09-17
36;Flash_906;flash_906@yandex.ru;Санкт-Петербург;1500;2025-12-05
37;Storm_537;storm_537@yandex.ru;Казань;2500;2025-12-12
38;Rogue_922;rogue_922@yandex.ru;Москва;4000;2025-09-08
39;Turbo_632;turbo_632@gmail.com;Новосибирск;0;2025-09-13
40;Turbo_308;turbo_308@mail.ru;Москва;250;2025-12-06
41;Cobra_958;cobra_958@gmail.com;Москва;500;2025-06-11
42;Ghost_263;ghost_263@mail.ru;Москва;0;2026-01-01
43;Neo_334;neo_334@gmail.com;Москва;1000;2026-05-18
44;Rogue_633;rogue_633@gmail.com;Санкт-Петербург;0;2026-01-08
45;Echo_717;echo_717@gmail.com;Казань;0;2026-03-22
46;Shadow_204;;Екатеринбург;1500;2025-07-23
47;Frost_161;frost_161@mail.ru;Москва;2500;2025-10-23
48;CyberKnight_638;cyberknight_638@yandex.ru;Казань;4000;2025-09-18
49;Apex_343;apex_343@yandex.ru;Казань;500;2025-11-17
50;Matrix_196;matrix_196@gmail.com;Москва;0;2025-07-16
51;Blaze_982;blaze_982@gmail.com;Москва;100;2025-12-21
52;Frost_915;frost_915@yandex.ru;Москва;1500;2025-08-29
53;Vortex_569;vortex_569@yandex.ru;Москва;1000;2026-05-09
54;CyberKnight_37;cyberknight_37@mail.ru;Москва;1000;2025-08-18
55;Phoenix_974;phoenix_974@mail.ru;Новосибирск;0;2025-07-11
56;Echo_129;echo_129@yandex.ru;Санкт-Петербург;500;2025-07-11
57;Apex_281;apex_281@yandex.ru;Москва;2500;2026-03-16
58;Titan_793;;Новосибирск;1500;2025-10-25
59;Shadow_177;shadow_177@mail.ru;Москва;500;2026-02-02
60;CyberKnight_958;cyberknight_958@yandex.ru;Санкт-Петербург;1500;2025-09-17
61;Phoenix_548;phoenix_548@mail.ru;Москва;0;2025-07-06
62;Neo_474;neo_474@gmail.com;Москва;2500;2026-05-09
63;Frost_880;frost_880@yandex.ru;Санкт-Петербург;2500;2025-11-15
64;Raven_37;raven_37@yandex.ru;Санкт-Петербург;1000;2026-03-09
65;Apex_61;apex_61@mail.ru;Казань;250;2025-10-29
66;Vortex_619;vortex_619@mail.ru;Новосибирск;1500;2025-09-25
67;Phoenix_269;phoenix_269@mail.ru;Санкт-Петербург;0;2026-05-25
68;Shadow_395;shadow_395@gmail.com;Санкт-Петербург;100;2025-07-05
69;Apex_723;apex_723@gmail.com;Москва;500;2025-08-14
70;Titan_748;;Москва;100;2025-07-11
71;Raven_933;;Москва;2500;2026-04-16
72;Flash_850;flash_850@mail.ru;Санкт-Петербург;1000;2026-05-15
73;Storm_757;storm_757@mail.ru;Санкт-Петербург;1500;2025-08-12
74;Flash_543;flash_543@mail.ru;Москва;4000;2026-05-03
75;Kaiser_748;kaiser_748@yandex.ru;Санкт-Петербург;1000;2026-01-28
76;Sniper_770;sniper_770@yandex.ru;Санкт-Петербург;100;2025-11-07
77;Neo_43;neo_43@mail.ru;Санкт-Петербург;1500;2025-11-03
78;Kaiser_463;kaiser_463@gmail.com;Казань;2500;2025-12-22
79;Storm_99;storm_99@yandex.ru;Москва;1500;2025-12-26
80;Titan_118;;Санкт-Петербург;250;2025-12-21
81;Shadow_757;shadow_757@gmail.com;Москва;2500;2025-09-21
82;Echo_515;echo_515@yandex.ru;Москва;2500;2026-05-08
83;Blaze_433;blaze_433@yandex.ru;Москва;1000;2025-12-14
84;Matrix_641;matrix_641@mail.ru;Москва;250;2026-04-04
85;Frost_638;frost_638@gmail.com;Москва;250;2025-11-09
86;Phoenix_104;;Москва;100;2025-07-31
87;Matrix_388;matrix_388@yandex.ru;Новосибирск;0;2025-08-18
88;Phoenix_507;phoenix_507@mail.ru;Москва;250;2025-09-24
89;Titan_566;titan_566@yandex.ru;Москва;250;2025-09-19
90;Phantom_421;;Санкт-Петербург;1000;2025-08-06
91;Vortex_910;vortex_910@gmail.com;Санкт-Петербург;1000;2025-10-31
92;Shadow_115;shadow_115@mail.ru;Москва;1000;2025-07-02
93;Turbo_289;turbo_289@yandex.ru;Москва;4000;2026-03-26
94;Matrix_171;matrix_171@gmail.com;Новосибирск;2500;2025-10-27
95;Specter_513;specter_513@mail.ru;Казань;1500;2025-07-05
96;CyberKnight_990;cyberknight_990@mail.ru;Москва;4000;2026-02-01
97;Turbo_486;turbo_486@yandex.ru;Москва;1000;2025-11-02
98;Phantom_242;phantom_242@yandex.ru;Санкт-Петербург;1500;2025-09-14
99;Sniper_476;sniper_476@yandex.ru;Санкт-Петербург;0;2026-03-01
100;Storm_618;storm_618@mail.ru;Москва;1000;2026-03-23
