user_id;cohort;birth_date;gender
USR-3000;2026-Q1;2007-06-21;F
USR-3001;2026-Q2;1997-08-23;F
USR-3002;2025-Q4;2003-04-26;F
USR-3003;2026-Q3;2007-10-20;F
USR-3004;2026-Q1;2006-08-02;M
USR-3005;2026-Q1;2003-04-03;M
USR-3006;2026-Q2;1992-02-05;M
USR-3007;2025-Q3;2005-07-13;M
USR-3008;2025-Q4;2008-11-03;M
USR-3009;2026-Q2;2005-04-07;M
USR-3010;2026-Q2;2006-03-17;M
USR-3011;2026-Q1;2005-03-19;F
USR-3012;2025-Q3;2004-10-27;F
USR-3013;2026-Q2;2006-06-01;M
USR-3014;2026-Q3;2005-08-01;M
USR-3015;2025-Q4;1996-02-21;M
USR-3016;2026-Q1;2010-03-16;M
USR-3017;2026-Q2;2005-09-10;M
USR-3018;2026-Q1;1996-12-07;M
USR-3019;2025-Q4;2005-08-07;M
USR-3020;2026-Q2;2010-10-17;M
USR-3021;2025-Q3;2003-09-12;M
USR-3022;2026-Q1;2012-11-03;M
USR-3023;2026-Q1;2010-02-07;F
USR-3024;2026-Q1;2008-08-01;F
USR-3025;2026-Q2;1998-12-01;F
USR-3026;2026-Q2;2009-06-05;F
USR-3027;2025-Q3;1993-06-06;F
USR-3028;2025-Q3;2006-04-24;M
USR-3029;2025-Q4;1994-02-19;M
USR-3030;2026-Q1;2006-12-04;M
USR-3031;2026-Q2;2005-07-24;M
USR-3032;2026-Q1;2008-05-18;M
USR-3033;2026-Q3;1996-10-20;M
USR-3034;2026-Q3;2005-05-22;M
USR-3035;2026-Q1;2005-01-24;M
USR-3036;2026-Q3;2005-03-07;M
USR-3037;2026-Q3;2002-07-14;M
USR-3038;2026-Q2;2008-02-16;M
USR-3039;2026-Q2;2005-01-05;F
USR-3040;2026-Q2;2010-10-14;M
USR-3041;2026-Q1;2010-02-04;M
USR-3042;2026-Q1;2006-11-24;M
USR-3043;2025-Q4;2002-08-05;M
USR-3044;2026-Q2;2005-02-20;M
USR-3045;2026-Q1;1999-05-12;M
USR-3046;2026-Q1;2011-11-25;M
USR-3047;2026-Q1;1994-10-15;M
USR-3048;2026-Q3;2012-10-03;M
USR-3049;2025-Q3;2005-07-13;F
USR-3050;2025-Q3;2007-12-14;M
USR-3051;2025-Q4;1997-03-01;F
USR-3052;2025-Q3;2007-08-14;M
USR-3053;2026-Q3;2005-06-23;M
USR-3054;2026-Q2;2010-09-09;M
USR-3055;2025-Q3;2012-10-07;M
USR-3056;2026-Q3;1997-03-03;M
USR-3057;2026-Q3;1997-01-05;M
USR-3058;2026-Q2;2009-08-02;M
USR-3059;2026-Q2;2005-06-04;M
USR-3060;2026-Q2;2005-12-01;M
USR-3061;2026-Q1;2005-11-27;M
USR-3062;2026-Q1;2011-04-26;M
USR-3063;2026-Q3;2010-12-16;M
USR-3064;2026-Q3;2005-10-10;M
USR-3065;2026-Q1;2005-06-24;M
USR-3066;2025-Q4;1998-03-20;M
USR-3067;2025-Q3;1994-06-02;M
USR-3068;2025-Q3;2010-04-22;M
USR-3069;2025-Q4;2007-02-17;M
USR-3070;2025-Q3;2005-11-15;M
USR-3071;2026-Q3;1996-10-27;M
USR-3072;2026-Q3;2012-12-27;M
USR-3073;2026-Q2;2006-06-11;M
USR-3074;2026-Q2;2010-07-09;M
USR-3075;2026-Q2;2007-07-06;M
USR-3076;2026-Q2;2006-06-03;M
USR-3077;2025-Q3;2006-10-18;F
USR-3078;2025-Q3;2007-12-13;M
USR-3079;2025-Q4;2003-10-14;M
USR-3080;2026-Q3;1999-07-10;M
USR-3081;2026-Q2;2006-10-25;M
USR-3082;2025-Q4;2007-03-20;F
USR-3083;2026-Q1;2006-07-15;F
USR-3084;2026-Q1;2006-11-21;M
USR-3085;2025-Q3;1996-04-09;M
USR-3086;2025-Q3;2006-09-12;M
USR-3087;2026-Q1;1999-05-09;M
USR-3088;2026-Q1;2004-02-16;M
USR-3089;2026-Q2;1994-10-24;M
USR-3090;2025-Q4;2003-03-01;M
USR-3091;2026-Q1;2012-01-10;M
USR-3092;2026-Q1;1996-03-25;M
USR-3093;2026-Q2;1995-12-08;M
USR-3094;2026-Q3;1993-02-13;M
USR-3095;2026-Q2;2005-02-10;M
USR-3096;2026-Q1;2010-08-07;M
USR-3097;2026-Q1;2010-05-08;F
USR-3098;2026-Q2;2002-11-11;F
USR-3099;2026-Q2;1997-01-21;M
USR-3100;2025-Q4;2010-01-05;M
USR-3101;2026-Q3;2010-07-12;M
USR-3102;2026-Q1;2010-09-12;M
USR-3103;2026-Q1;1999-11-15;M
USR-3104;2025-Q4;2003-11-25;M
USR-3105;2026-Q2;1994-08-02;M
USR-3106;2026-Q2;2010-08-16;M
USR-3107;2025-Q4;2011-06-28;M
USR-3108;2025-Q3;2007-09-10;M
USR-3109;2026-Q1;2005-12-07;M
USR-3110;2026-Q3;2009-06-12;F
USR-3111;2026-Q1;2005-05-07;F
USR-3112;2026-Q2;1995-02-22;M
USR-3113;2026-Q2;2003-07-09;M
USR-3114;2026-Q3;2005-01-01;F
USR-3115;2026-Q1;2001-06-01;M
USR-3116;2026-Q1;2005-06-28;M
USR-3117;2025-Q4;2007-06-06;F
USR-3118;2025-Q4;2010-12-23;M
USR-3119;2026-Q1;2005-09-26;M
USR-3120;2026-Q1;2005-04-10;M
USR-3121;2025-Q4;2006-12-08;M
USR-3122;2026-Q2;2009-02-08;M
USR-3123;2026-Q2;2007-11-19;M
USR-3124;2026-Q2;2005-05-21;M
USR-3125;2025-Q4;2008-01-16;M
USR-3126;2026-Q1;2012-11-03;M
USR-3127;2025-Q4;2010-01-03;M
USR-3128;2025-Q3;1994-12-07;M
USR-3129;2026-Q1;2012-09-15;M
USR-3130;2025-Q3;2008-05-10;F
USR-3131;2025-Q3;2005-09-03;M
USR-3132;2025-Q4;2005-10-11;F
USR-3133;2026-Q2;1998-07-04;M
USR-3134;2026-Q3;2010-01-25;M
USR-3135;2026-Q3;2002-04-08;M
USR-3136;2026-Q2;2007-03-02;M
USR-3137;2026-Q1;2005-11-25;F
USR-3138;2026-Q2;2005-01-10;M
USR-3139;2025-Q3;2012-04-08;M
USR-3140;2025-Q3;2010-01-08;F
USR-3141;2026-Q2;2006-09-02;M
USR-3142;2025-Q3;2007-04-28;F
USR-3143;2025-Q4;2005-09-23;M
USR-3144;2025-Q4;2010-08-15;M
USR-3145;2025-Q4;2004-10-12;F
USR-3146;2026-Q1;2010-02-13;M
USR-3147;2026-Q3;2004-12-27;M
USR-3148;2026-Q2;2006-12-26;M
USR-3149;2025-Q4;2003-08-28;M
USR-3150;2026-Q3;2009-03-07;M
USR-3151;2026-Q3;2007-06-26;M
USR-3152;2026-Q1;1997-10-02;M
USR-3153;2025-Q4;2012-06-22;M
USR-3154;2026-Q3;2009-09-15;M
USR-3155;2025-Q4;2003-10-07;M
USR-3156;2025-Q3;2005-06-21;M
USR-3157;2025-Q4;2005-09-06;F
USR-3158;2026-Q2;2005-05-04;M
USR-3159;2026-Q2;1996-11-07;M
USR-3160;2026-Q1;2005-05-04;F
USR-3161;2026-Q1;2005-10-05;F
USR-3162;2026-Q2;2004-05-05;M
USR-3163;2025-Q3;2008-11-01;M
USR-3164;2025-Q3;2006-04-06;M
USR-3165;2026-Q2;2008-09-08;M
USR-3166;2026-Q1;1996-10-09;M
USR-3167;2025-Q3;2005-10-05;M
USR-3168;2025-Q3;2004-07-17;M
USR-3169;2025-Q3;2006-03-08;M
USR-3170;2026-Q1;2005-06-26;M
USR-3171;2026-Q2;2006-06-16;M
USR-3172;2026-Q1;2007-06-16;M
USR-3173;2026-Q2;2010-04-11;M
USR-3174;2026-Q2;2004-02-08;M
USR-3175;2025-Q4;2008-03-02;M
USR-3176;2026-Q1;2003-11-10;M
USR-3177;2026-Q1;2000-05-22;M
USR-3178;2025-Q3;2011-08-24;M
USR-3179;2026-Q2;2007-09-04;M
USR-3180;2026-Q3;2004-11-06;M
USR-3181;2026-Q2;2012-03-21;M
USR-3182;2025-Q3;2012-12-18;M
USR-3183;2026-Q1;2007-09-24;F
USR-3184;2026-Q2;2012-03-23;M
USR-3185;2025-Q3;1995-12-12;M
USR-3186;2026-Q2;2005-01-27;M
USR-3187;2025-Q4;2010-09-20;M
USR-3188;2025-Q4;1996-03-20;M
USR-3189;2026-Q3;2005-03-06;M
USR-3190;2025-Q3;2007-06-01;M
USR-3191;2026-Q2;2004-10-24;M
USR-3192;2026-Q1;2005-12-17;M
USR-3193;2026-Q1;2010-07-21;M
USR-3194;2026-Q1;2012-02-20;F
USR-3195;2025-Q4;2003-03-17;M
USR-3196;2026-Q2;2005-03-25;F
USR-3197;2026-Q2;2004-07-11;M
USR-3198;2026-Q1;2005-04-16;M
USR-3199;2026-Q2;2006-04-12;M
USR-3200;2026-Q1;2005-05-25;M
USR-3201;2026-Q1;2005-02-23;M
USR-3202;2026-Q1;2004-05-18;M
USR-3203;2025-Q4;2010-11-01;M
USR-3204;2025-Q3;2003-07-20;F
USR-3205;2026-Q2;2010-09-07;F
USR-3206;2025-Q4;2008-08-27;M
USR-3207;2026-Q3;1997-05-20;M
USR-3208;2026-Q2;2011-04-07;F
USR-3209;2026-Q1;2010-12-14;M
USR-3210;2025-Q4;1993-08-10;M
USR-3211;2026-Q2;2003-04-18;M
USR-3212;2025-Q3;2003-01-13;M
USR-3213;2025-Q4;1997-08-15;M
USR-3214;2025-Q4;2010-12-21;M
USR-3215;2026-Q2;2010-04-02;M
USR-3216;2026-Q1;1994-08-09;F
USR-3217;2025-Q3;2008-11-28;M
USR-3218;2026-Q3;2003-12-03;M
USR-3219;2026-Q2;1995-04-19;M
USR-3220;2025-Q3;1996-08-10;M
USR-3221;2026-Q1;2010-12-28;M
USR-3222;2025-Q3;2006-04-07;M
USR-3223;2025-Q3;1997-02-27;M
USR-3224;2026-Q1;2007-04-07;M
USR-3225;2026-Q1;2010-02-04;M
USR-3226;2025-Q4;2007-10-18;M
USR-3227;2025-Q3;2007-11-09;M
USR-3228;2025-Q3;2009-11-11;M
USR-3229;2026-Q2;1995-06-10;M
USR-3230;2026-Q2;1994-11-09;M
USR-3231;2026-Q2;2005-06-23;M
USR-3232;2026-Q2;1996-01-24;M
USR-3233;2025-Q3;2012-04-08;M
USR-3234;2026-Q2;2011-03-27;F
USR-3235;2026-Q1;1997-10-04;F
USR-3236;2026-Q1;2006-11-22;F
USR-3237;2026-Q3;2011-12-18;F
USR-3238;2026-Q1;2011-01-05;M
USR-3239;2026-Q1;1996-11-04;M
USR-3240;2025-Q3;2005-04-16;F
USR-3241;2025-Q4;2003-06-03;M
USR-3242;2025-Q4;2001-02-28;M
USR-3243;2026-Q1;1994-08-17;M
USR-3244;2026-Q1;2010-10-14;M
USR-3245;2026-Q3;2009-11-07;M
USR-3246;2026-Q3;2004-10-27;M
USR-3247;2026-Q2;2009-07-11;M
USR-3248;2026-Q1;2010-12-08;F
USR-3249;2026-Q1;2005-05-14;M
USR-3250;2026-Q2;2008-11-20;M
USR-3251;2025-Q4;2005-10-04;M
USR-3252;2025-Q4;2004-11-23;M
USR-3253;2026-Q1;2005-10-09;M
USR-3254;2026-Q2;2005-12-13;M
USR-3255;2026-Q1;1997-04-16;F
USR-3256;2026-Q2;2002-02-11;M
USR-3257;2026-Q1;2011-05-03;M
USR-3258;2025-Q4;2011-08-04;M
USR-3259;2026-Q3;2005-05-21;M
USR-3260;2025-Q3;2006-12-06;F
USR-3261;2026-Q2;2004-02-28;M
USR-3262;2025-Q3;2004-07-25;M
USR-3263;2026-Q1;1993-05-15;M
USR-3264;2026-Q3;2004-07-10;M
USR-3265;2025-Q4;1998-04-08;M
USR-3266;2026-Q1;2005-02-11;F
USR-3267;2026-Q2;2004-09-12;M
USR-3268;2025-Q4;2009-09-01;M
USR-3269;2026-Q2;2012-07-19;M
USR-3270;2025-Q4;1998-08-04;M
USR-3271;2025-Q3;2010-10-28;F
USR-3272;2026-Q2;2004-12-06;M
USR-3273;2026-Q3;2007-11-18;M
USR-3274;2025-Q3;2002-02-19;M
USR-3275;2026-Q1;2007-11-28;M
USR-3276;2025-Q4;2005-01-03;M
USR-3277;2026-Q3;1999-10-09;F
USR-3278;2026-Q3;2004-08-23;M
USR-3279;2025-Q3;2001-10-11;M
USR-3280;2026-Q3;2010-06-28;M
USR-3281;2026-Q1;2009-06-12;M
USR-3282;2025-Q3;1994-05-22;F
USR-3283;2026-Q1;2004-06-10;M
USR-3284;2026-Q3;2005-10-10;M
USR-3285;2025-Q3;2011-01-01;M
USR-3286;2026-Q1;2010-07-10;F
USR-3287;2026-Q2;2003-03-23;M
USR-3288;2026-Q1;2008-03-05;M
USR-3289;2026-Q1;2007-11-04;M
USR-3290;2025-Q3;2006-07-09;F
USR-3291;2025-Q3;2005-10-19;M
USR-3292;2026-Q3;1995-09-18;M
USR-3293;2026-Q2;2010-04-23;M
USR-3294;2026-Q3;2004-06-27;M
USR-3295;2026-Q1;2006-01-12;F
USR-3296;2026-Q2;2010-09-13;M
USR-3297;2025-Q3;2006-12-24;M
USR-3298;2026-Q1;2003-05-11;M
USR-3299;2026-Q1;2009-07-18;M
USR-3300;2025-Q4;2006-04-25;M
USR-3301;2025-Q3;2007-09-08;M
USR-3302;2026-Q2;2002-12-26;M
USR-3303;2025-Q4;2011-11-16;F
USR-3304;2026-Q1;2009-02-05;M
USR-3305;2026-Q3;2008-11-04;F
USR-3306;2026-Q3;2005-11-06;F
USR-3307;2026-Q2;2011-10-02;M
USR-3308;2026-Q1;2006-02-26;F
USR-3309;2026-Q1;1997-03-05;M
USR-3310;2025-Q3;2004-09-27;M
USR-3311;2026-Q1;2011-05-01;M
USR-3312;2025-Q4;2009-03-19;M
USR-3313;2026-Q3;1999-06-23;M
USR-3314;2026-Q2;2007-01-08;M
USR-3315;2026-Q1;1995-09-06;F
USR-3316;2026-Q2;2010-04-01;M
USR-3317;2026-Q1;2008-06-03;M
USR-3318;2026-Q2;2005-03-19;M
USR-3319;2025-Q3;2003-07-18;M
USR-3320;2026-Q2;2005-05-16;M
USR-3321;2026-Q3;2012-01-06;F
USR-3322;2026-Q3;1995-12-22;M
USR-3323;2026-Q1;2004-11-13;F
USR-3324;2025-Q3;2010-12-20;M
USR-3325;2025-Q3;2010-03-03;M
USR-3326;2026-Q2;2005-04-27;M
USR-3327;2025-Q4;2005-02-17;M
USR-3328;2026-Q3;1996-12-28;F
USR-3329;2026-Q1;1996-07-25;M
USR-3330;2026-Q2;2002-10-01;M
USR-3331;2026-Q2;2005-11-26;M
USR-3332;2026-Q2;2007-03-17;M
USR-3333;2026-Q3;2006-07-01;M
USR-3334;2026-Q2;2005-09-20;M
USR-3335;2026-Q1;2006-05-18;M
USR-3336;2025-Q4;1995-08-17;M
USR-3337;2025-Q4;1994-03-13;M
USR-3338;2026-Q2;2010-07-01;M
USR-3339;2025-Q4;2008-07-24;M
USR-3340;2026-Q2;2011-03-03;M
USR-3341;2025-Q4;1995-06-02;M
USR-3342;2025-Q4;2006-04-03;M
USR-3343;2026-Q2;2004-07-20;M
USR-3344;2026-Q2;2007-10-01;F
USR-3345;2026-Q1;2002-03-11;M
USR-3346;2025-Q4;1996-05-12;M
USR-3347;2025-Q3;2004-06-19;M
USR-3348;2026-Q1;2005-01-23;M
USR-3349;2025-Q4;2003-12-13;M
USR-3350;2026-Q2;2010-10-01;M
USR-3351;2025-Q3;2005-01-16;M
USR-3352;2026-Q2;2012-11-05;M
USR-3353;2026-Q2;2010-04-18;M
USR-3354;2026-Q1;2007-12-20;M
USR-3355;2025-Q4;2007-05-27;M
USR-3356;2025-Q4;2003-12-14;M
USR-3357;2026-Q1;1996-08-17;M
USR-3358;2025-Q4;2005-04-27;M
USR-3359;2026-Q1;2012-09-15;F
USR-3360;2026-Q1;2004-08-17;F
USR-3361;2026-Q2;1996-04-05;M
USR-3362;2026-Q3;2007-02-11;M
USR-3363;2025-Q4;2010-03-10;M
USR-3364;2026-Q1;2005-12-12;F
USR-3365;2025-Q3;1995-11-08;M
USR-3366;2026-Q3;2004-03-15;M
USR-3367;2026-Q2;2003-06-04;M
USR-3368;2025-Q3;2010-09-22;M
USR-3369;2025-Q3;2003-03-21;M
USR-3370;2026-Q1;2005-03-24;M
USR-3371;2025-Q4;2009-08-17;M
USR-3372;2025-Q3;2004-08-25;M
USR-3373;2026-Q1;2012-08-05;M
USR-3374;2026-Q2;2008-10-27;M
USR-3375;2026-Q2;2006-08-23;M
USR-3376;2026-Q1;2009-03-08;F
USR-3377;2025-Q3;2005-02-19;M
USR-3378;2026-Q3;2004-10-24;F
USR-3379;2025-Q3;2004-06-05;M
USR-3380;2025-Q4;2003-11-19;M
USR-3381;2026-Q2;2008-07-16;F
USR-3382;2026-Q3;1997-02-18;M
USR-3383;2026-Q3;2010-06-22;M
USR-3384;2025-Q4;2008-07-27;F
USR-3385;2026-Q2;2008-11-07;M
USR-3386;2026-Q1;1994-11-16;M
USR-3387;2025-Q4;2005-06-27;M
USR-3388;2026-Q2;1995-05-23;F
USR-3389;2026-Q2;2002-03-23;M
USR-3390;2026-Q2;1993-12-27;F
USR-3391;2025-Q4;1996-09-10;M
USR-3392;2026-Q2;2004-08-23;M
USR-3393;2026-Q1;2005-07-16;M
USR-3394;2025-Q4;2009-03-04;M
USR-3395;2026-Q3;2005-04-20;M
USR-3396;2025-Q3;2005-10-14;M
USR-3397;2026-Q3;2007-06-07;M
USR-3398;2025-Q4;2006-06-22;M
USR-3399;2026-Q1;2005-01-08;F
USR-3400;2026-Q2;2004-11-02;M
USR-3401;2026-Q2;2009-06-23;M
USR-3402;2026-Q3;1996-01-03;M
USR-3403;2026-Q2;2004-01-10;M
USR-3404;2025-Q4;2003-06-08;M
USR-3405;2025-Q4;2003-08-12;M
USR-3406;2026-Q2;2005-09-21;F
USR-3407;2025-Q4;2003-12-03;F
USR-3408;2026-Q1;2003-04-14;F
USR-3409;2025-Q4;2004-01-23;M
USR-3410;2026-Q1;2003-02-05;F
USR-3411;2026-Q3;1995-04-14;F
USR-3412;2025-Q4;1996-09-07;M
USR-3413;2026-Q2;1994-03-04;M
USR-3414;2025-Q4;2010-04-01;M
USR-3415;2026-Q2;2008-05-03;F
USR-3416;2025-Q4;2006-06-08;F
USR-3417;2025-Q3;2009-06-01;M
USR-3418;2026-Q2;2002-11-04;M
USR-3419;2026-Q2;2009-06-16;M
USR-3420;2026-Q1;2007-07-02;M
USR-3421;2026-Q2;1996-01-01;M
USR-3422;2026-Q1;2005-07-01;M
USR-3423;2026-Q3;2012-03-23;M
USR-3424;2025-Q3;2004-09-19;M
USR-3425;2025-Q4;1996-01-08;F
USR-3426;2025-Q3;1995-04-03;M
USR-3427;2025-Q3;2008-07-06;M
USR-3428;2025-Q4;1996-03-27;M
USR-3429;2026-Q2;2011-03-25;M
USR-3430;2025-Q4;2006-07-12;M
USR-3431;2026-Q1;2005-03-26;M
USR-3432;2026-Q2;2010-02-18;M
USR-3433;2026-Q1;2004-12-16;F
USR-3434;2026-Q3;1995-05-04;F
USR-3435;2025-Q3;2010-06-03;M
USR-3436;2026-Q2;1996-03-22;M
USR-3437;2026-Q3;2005-10-11;M
USR-3438;2026-Q2;2007-11-27;F
USR-3439;2025-Q3;2004-04-22;M
USR-3440;2025-Q3;2010-05-19;M
USR-3441;2026-Q2;2012-12-02;M
USR-3442;2026-Q1;2005-04-21;M
USR-3443;2025-Q4;2003-02-09;M
USR-3444;2026-Q3;2010-12-02;M
USR-3445;2025-Q3;1996-01-24;M
USR-3446;2026-Q1;1993-08-16;M
USR-3447;2025-Q4;2012-02-03;M
USR-3448;2026-Q3;2009-01-27;M
USR-3449;2025-Q4;2009-08-06;M
USR-3450;2026-Q1;2006-05-09;M
USR-3451;2025-Q4;2004-06-20;M
USR-3452;2026-Q1;1997-05-27;M
USR-3453;2026-Q2;2004-03-28;M
USR-3454;2026-Q3;1996-11-13;M
USR-3455;2025-Q4;2006-08-03;M
USR-3456;2026-Q3;2007-06-16;F
USR-3457;2025-Q3;2010-10-03;M
USR-3458;2026-Q3;2005-05-09;F
USR-3459;2025-Q3;2005-04-22;M
USR-3460;2026-Q1;2003-10-28;M
USR-3461;2026-Q3;2007-05-26;M
USR-3462;2026-Q1;1997-12-05;M
USR-3463;2026-Q2;2007-06-05;M
USR-3464;2025-Q4;2004-03-17;M
USR-3465;2026-Q1;2005-11-26;M
USR-3466;2025-Q3;1996-04-14;M
USR-3467;2025-Q3;2005-04-22;F
USR-3468;2025-Q4;1997-08-15;M
USR-3469;2025-Q3;2007-07-26;F
USR-3470;2026-Q1;2001-04-11;M
USR-3471;2026-Q1;2001-01-28;F
USR-3472;2025-Q4;2009-02-12;F
USR-3473;2026-Q2;2012-04-14;M
USR-3474;2026-Q1;2010-08-24;M
USR-3475;2026-Q1;2005-08-11;M
USR-3476;2025-Q3;2005-09-07;M
USR-3477;2026-Q3;1994-07-02;M
USR-3478;2026-Q1;2007-04-28;F
USR-3479;2026-Q1;2004-10-01;M
USR-3480;2026-Q2;2007-04-06;M
USR-3481;2026-Q1;2009-06-18;M
USR-3482;2025-Q3;1998-03-14;M
USR-3483;2026-Q3;2010-02-25;M
USR-3484;2025-Q3;2010-08-23;F
USR-3485;2026-Q3;2005-11-21;M
USR-3486;2026-Q1;1997-12-03;M
USR-3487;2025-Q4;2004-02-09;M
USR-3488;2026-Q1;1998-06-24;F
USR-3489;2025-Q4;1996-04-20;M
USR-3490;2026-Q2;1997-07-19;M
USR-3491;2026-Q2;2005-12-28;F
USR-3492;2026-Q2;1996-07-20;M
USR-3493;2026-Q2;2005-01-27;M
USR-3494;2026-Q2;2005-10-05;M
USR-3495;2025-Q3;2002-10-25;M
USR-3496;2025-Q3;1996-08-12;M
USR-3497;2026-Q3;1996-11-25;M
USR-3498;2026-Q3;2004-09-18;M
USR-3499;2025-Q4;2009-04-04;M
USR-3500;2025-Q3;2008-01-14;M
USR-3501;2026-Q2;1995-07-10;M
USR-3502;2026-Q1;1994-12-26;M
USR-3503;2025-Q4;2008-07-12;M
USR-3504;2026-Q3;1996-06-17;M
USR-3505;2026-Q2;2008-06-10;M
USR-3506;2026-Q2;1995-07-02;M
USR-3507;2025-Q4;2005-09-05;M
USR-3508;2026-Q3;2004-02-17;M
USR-3509;2025-Q4;2011-04-14;M
USR-3510;2025-Q4;2005-08-15;M
USR-3511;2026-Q1;2012-09-13;M
USR-3512;2026-Q2;2005-04-24;M
USR-3513;2026-Q1;2002-12-21;M
USR-3514;2026-Q2;2007-09-04;M
USR-3515;2025-Q4;1997-08-22;M
USR-3516;2026-Q3;2003-08-14;M
USR-3517;2025-Q4;2004-04-28;M
USR-3518;2025-Q4;2002-04-01;M
USR-3519;2026-Q2;2011-10-05;M
USR-3520;2026-Q1;2009-05-25;F
USR-3521;2025-Q3;2010-11-17;M
USR-3522;2026-Q2;2009-01-15;F
USR-3523;2026-Q1;2009-11-15;F
USR-3524;2025-Q3;2005-04-13;M
USR-3525;2026-Q1;2005-10-22;F
USR-3526;2025-Q3;2004-05-02;M
USR-3527;2025-Q4;1996-09-26;M
USR-3528;2026-Q1;2005-11-13;M
USR-3529;2025-Q3;1993-04-18;M
USR-3530;2026-Q2;2010-11-26;F
USR-3531;2026-Q1;2005-03-22;M
USR-3532;2026-Q2;2010-06-06;M
USR-3533;2025-Q4;2012-12-03;M
USR-3534;2025-Q3;2004-09-16;M
USR-3535;2026-Q1;2004-06-05;M
USR-3536;2025-Q4;2008-10-04;M
USR-3537;2026-Q1;1997-11-22;M
USR-3538;2026-Q2;2007-03-09;M
USR-3539;2025-Q4;1998-11-28;F
USR-3540;2026-Q1;2012-10-14;F
USR-3541;2025-Q3;2007-06-06;M
USR-3542;2026-Q2;2005-09-03;M
USR-3543;2026-Q3;2004-02-01;F
USR-3544;2026-Q3;2010-03-18;M
USR-3545;2026-Q1;1995-03-18;M
USR-3546;2025-Q4;2012-09-09;M
USR-3547;2026-Q1;2006-06-27;M
USR-3548;2025-Q3;2005-08-20;M
USR-3549;2025-Q4;2005-12-16;M
USR-3550;2026-Q2;2006-07-09;M
USR-3551;2026-Q3;2012-08-09;M
USR-3552;2026-Q3;2010-01-28;M
USR-3553;2025-Q4;2003-09-08;M
USR-3554;2026-Q3;1996-11-22;M
USR-3555;2026-Q3;2006-04-19;F
USR-3556;2025-Q3;2004-03-05;M
USR-3557;2026-Q2;2003-01-09;M
USR-3558;2026-Q3;1994-06-10;F
USR-3559;2026-Q2;2005-06-01;F
USR-3560;2026-Q3;2005-10-11;M
USR-3561;2026-Q1;2008-10-06;M
USR-3562;2025-Q4;2010-06-20;M
USR-3563;2026-Q2;2004-04-19;F
USR-3564;2025-Q3;2004-03-03;M
USR-3565;2026-Q2;2010-06-22;M
USR-3566;2025-Q4;2006-09-19;F
USR-3567;2026-Q1;2004-01-05;F
USR-3568;2025-Q4;2003-02-03;M
USR-3569;2026-Q2;2009-07-10;M
USR-3570;2026-Q1;2005-06-17;M
USR-3571;2026-Q1;2010-05-12;M
USR-3572;2026-Q2;1997-09-07;M
USR-3573;2026-Q2;2004-04-13;M
USR-3574;2026-Q1;2008-06-07;M
USR-3575;2025-Q3;1993-03-28;M
USR-3576;2026-Q1;2005-05-27;M
USR-3577;2026-Q2;1997-06-05;M
USR-3578;2026-Q1;2006-02-27;M
USR-3579;2026-Q3;2010-04-24;M
USR-3580;2026-Q1;2005-08-20;F
USR-3581;2026-Q3;2005-02-10;M
USR-3582;2026-Q1;2012-08-12;M
USR-3583;2026-Q2;1994-03-06;M
USR-3584;2026-Q2;2007-07-01;M
USR-3585;2026-Q3;2004-08-04;M
USR-3586;2025-Q4;2004-03-12;M
USR-3587;2026-Q1;2004-12-21;M
USR-3588;2026-Q1;2009-09-26;F
USR-3589;2026-Q1;1996-09-27;M
USR-3590;2025-Q4;2003-11-14;M
USR-3591;2025-Q3;2011-08-05;M
USR-3592;2026-Q1;2005-06-13;M
USR-3593;2026-Q3;2008-01-01;M
USR-3594;2026-Q3;2009-10-13;F
USR-3595;2025-Q3;2009-06-02;M
USR-3596;2026-Q2;1996-03-18;M
USR-3597;2026-Q3;1996-07-02;M
USR-3598;2025-Q3;2005-01-19;M
USR-3599;2025-Q4;2010-06-09;M
USR-3600;2026-Q2;2008-06-18;M
USR-3601;2025-Q4;2002-10-27;F
USR-3602;2026-Q1;2002-11-02;M
USR-3603;2026-Q2;2005-02-05;F
USR-3604;2026-Q2;2005-08-08;M
USR-3605;2026-Q3;2010-09-25;M
USR-3606;2026-Q3;2001-03-09;M
USR-3607;2025-Q3;2004-06-12;F
USR-3608;2025-Q3;1998-12-01;M
USR-3609;2025-Q3;2010-12-13;M
USR-3610;2026-Q3;1995-01-20;M
USR-3611;2026-Q2;1995-05-05;M
USR-3612;2026-Q2;1997-02-28;M
USR-3613;2025-Q3;1999-07-09;M
USR-3614;2026-Q2;2009-08-15;M
USR-3615;2025-Q3;2010-11-02;M
USR-3616;2026-Q1;2000-04-13;F
USR-3617;2025-Q4;2007-10-27;F
USR-3618;2026-Q2;2005-10-06;M
USR-3619;2026-Q3;2012-12-03;M
USR-3620;2026-Q2;1996-10-01;M
USR-3621;2025-Q4;2012-06-18;M
USR-3622;2026-Q1;2009-01-01;M
USR-3623;2026-Q3;1997-11-26;M
USR-3624;2026-Q3;2005-04-04;F
USR-3625;2026-Q1;2001-06-14;M
USR-3626;2026-Q2;2009-02-18;M
USR-3627;2026-Q3;2005-06-03;M
USR-3628;2026-Q1;2005-05-14;M
USR-3629;2025-Q3;2009-05-24;M
USR-3630;2025-Q3;2003-10-17;M
USR-3631;2025-Q3;1996-02-13;M
USR-3632;2026-Q1;2005-09-28;M
USR-3633;2025-Q3;2005-06-22;M
USR-3634;2026-Q2;2004-12-13;M
USR-3635;2026-Q1;2005-10-22;M
USR-3636;2026-Q2;1996-04-21;M
USR-3637;2026-Q2;2004-05-17;M
USR-3638;2025-Q4;2011-06-19;M
USR-3639;2026-Q2;2005-04-11;M
USR-3640;2025-Q4;2006-02-08;M
USR-3641;2026-Q1;2003-02-13;M
USR-3642;2025-Q4;2003-05-13;M
USR-3643;2026-Q3;2005-04-23;M
USR-3644;2026-Q2;2005-10-14;M
USR-3645;2025-Q4;2009-01-19;F
USR-3646;2026-Q2;2011-01-01;M
USR-3647;2026-Q1;2006-07-01;M
USR-3648;2026-Q1;2004-10-02;M
USR-3649;2026-Q3;2005-09-11;M
USR-3650;2026-Q1;2010-12-03;M
USR-3651;2025-Q3;2005-06-12;M
USR-3652;2026-Q2;2010-01-16;M
USR-3653;2025-Q3;2005-05-14;M
USR-3654;2026-Q3;2009-05-25;M
USR-3655;2026-Q2;1996-10-11;M
USR-3656;2026-Q3;2002-12-05;M
USR-3657;2026-Q1;2009-11-22;F
USR-3658;2026-Q1;2004-10-03;M
USR-3659;2026-Q2;2006-08-13;M
USR-3660;2026-Q3;2004-07-19;M
USR-3661;2026-Q3;2004-11-23;M
USR-3662;2026-Q1;2006-10-18;M
USR-3663;2025-Q4;2006-05-15;M
USR-3664;2026-Q1;2012-03-15;M
USR-3665;2025-Q3;2002-11-14;M
USR-3666;2025-Q3;1996-01-23;M
USR-3667;2026-Q2;2008-01-18;M
USR-3668;2025-Q4;2006-02-24;M
USR-3669;2026-Q1;1995-03-03;M
USR-3670;2026-Q1;2011-08-24;M
USR-3671;2026-Q2;2001-05-02;M
USR-3672;2026-Q1;2005-01-25;M
USR-3673;2025-Q4;2005-04-19;M
USR-3674;2026-Q1;2009-08-12;M
USR-3675;2026-Q1;2006-01-06;M
USR-3676;2026-Q2;2012-12-07;M
USR-3677;2026-Q2;1996-01-11;M
USR-3678;2026-Q3;2005-10-08;M
USR-3679;2026-Q1;2006-08-20;M
USR-3680;2025-Q4;2005-08-18;F
USR-3681;2026-Q1;2003-01-25;M
USR-3682;2025-Q4;1997-09-14;M
USR-3683;2025-Q4;2011-07-03;M
USR-3684;2025-Q3;2006-05-16;M
USR-3685;2025-Q4;2005-01-12;M
USR-3686;2026-Q2;1993-05-11;M
USR-3687;2026-Q1;2008-01-19;M
USR-3688;2026-Q3;1996-03-15;M
USR-3689;2025-Q4;2004-09-13;F
USR-3690;2025-Q3;2006-09-16;M
USR-3691;2026-Q2;2006-08-03;M
USR-3692;2025-Q3;1994-12-19;M
USR-3693;2025-Q3;2006-11-27;M
USR-3694;2025-Q3;2008-05-03;M
USR-3695;2025-Q4;2006-06-03;F
USR-3696;2025-Q3;2005-08-18;M
USR-3697;2026-Q3;2010-09-19;M
USR-3698;2026-Q1;2009-02-02;F
USR-3699;2025-Q4;1997-07-12;M
USR-3700;2026-Q2;2010-01-01;F
USR-3701;2026-Q1;1994-06-14;M
USR-3702;2026-Q2;2009-08-19;F
USR-3703;2026-Q1;2010-12-20;M
USR-3704;2026-Q1;2005-03-28;M
USR-3705;2026-Q3;2007-08-26;M
USR-3706;2026-Q1;2007-11-08;M
USR-3707;2026-Q2;2004-02-22;M
USR-3708;2025-Q4;2009-04-01;M
USR-3709;2026-Q3;1996-02-26;M
USR-3710;2025-Q4;2011-11-04;F
USR-3711;2026-Q2;2007-04-07;M
USR-3712;2026-Q2;2005-03-25;M
USR-3713;2026-Q1;1993-04-15;M
USR-3714;2025-Q4;2003-03-10;F
USR-3715;2026-Q1;2012-02-28;M
USR-3716;2025-Q4;2005-04-01;F
USR-3717;2025-Q4;2004-10-24;M
USR-3718;2025-Q4;2003-04-01;M
USR-3719;2026-Q3;1993-09-28;M
USR-3720;2026-Q3;2003-10-12;F
USR-3721;2026-Q1;1997-01-14;M
USR-3722;2026-Q2;2010-06-21;F
USR-3723;2026-Q3;2004-09-20;M
USR-3724;2026-Q2;2010-09-10;M
USR-3725;2026-Q1;2005-02-04;M
USR-3726;2026-Q1;2002-08-04;M
USR-3727;2026-Q2;1997-06-28;M
USR-3728;2026-Q1;2005-03-22;M
USR-3729;2026-Q2;2004-10-11;M
USR-3730;2026-Q1;2008-04-10;M
USR-3731;2025-Q3;2010-10-15;M
USR-3732;2026-Q3;2001-09-22;M
USR-3733;2025-Q4;2005-01-11;M
USR-3734;2026-Q2;2004-04-27;F
USR-3735;2026-Q1;2010-04-24;M
USR-3736;2025-Q3;1996-01-19;M
USR-3737;2025-Q3;2003-02-21;F
USR-3738;2025-Q3;2002-12-08;M
USR-3739;2025-Q3;2005-02-14;M
USR-3740;2025-Q4;2005-03-03;M
USR-3741;2025-Q3;1996-06-24;M
USR-3742;2025-Q4;2005-11-27;M
USR-3743;2026-Q1;2005-03-10;F
USR-3744;2025-Q3;2004-08-10;M
USR-3745;2025-Q4;2004-10-11;M
USR-3746;2026-Q2;2012-09-24;M
USR-3747;2025-Q4;1997-07-02;M
USR-3748;2026-Q3;2004-01-13;M
USR-3749;2026-Q1;2005-09-19;M
